#{"t_start": 1781619898.2481868, "env_id": "None"}
r,l,t,soc_before,soc_after,original_action_kw,protected_action_kw,soc_action_protection_applied,soc_fibonacci_penalty,soc_deficit_percent_below_15,soc_fibonacci_level,reward_before_soc_penalty,reward_after_soc_penalty,episode_soc_penalty_count,episode_soc_penalty_total,episode_action_protection_count,episode_action_block_count,episode_action_clip_count,episode_min_soc
-655.591685,2184,6.253156,0.15146098384614304,0.14779186120041357,1.3942666053771973,1.3942666053771973,0,100.0,0.22081387995864232,1,-500.0,-600.0,1,100.0,8,0,8,0.14779186120041357
-641.240907,1170,8.830121,0.1529595790286799,0.1486172994062506,1.6500662565231323,1.6500662565231323,0,100.0,0.13827005937493975,1,-500.0,-600.0,1,100.0,6,0,6,0.1486172994062506
-629.238268,815,11.460943,0.15127489430761207,0.1478028952019578,1.3193596601486206,1.3193596601486206,0,100.0,0.21971047980421932,1,-500.0,-600.0,1,100.0,2,0,2,0.1478028952019578
-643.402439,1194,13.147401,0.15029893405514969,0.1477774210448235,0.9581749439239502,0.9581749439239502,0,100.0,0.22225789551764963,1,-500.0,-600.0,1,100.0,0,0,0,0.1477774210448235
-641.01361,1094,16.089693,0.15056737280406582,0.14733503926942354,1.2282867431640625,1.2282867431640625,0,100.0,0.26649607305764544,1,-500.0,-600.0,1,100.0,3,0,3,0.14733503926942354
-629.285157,812,17.293165,0.1513434828400707,0.1473162416853498,1.5303516387939453,1.5303516387939453,0,100.0,0.2683758314650203,1,-500.0,-600.0,1,100.0,3,0,3,0.1473162416853498
-636.873455,1029,20.914134,0.15031567777379562,0.14994410045758674,0.14119938015937805,0.14119938015937805,0,100.0,0.005589954241325135,1,-500.0,-600.0,1,100.0,2,0,2,0.14994410045758674
-626.47044,761,22.389414,0.15081072301579337,0.14795065781910358,1.0868247747421265,1.0868247747421265,0,100.0,0.20493421808964185,1,-500.0,-600.0,1,100.0,3,0,3,0.14795065781910358
-634.370726,973,24.059666,0.15255714238351747,0.14762436613318017,1.8744549751281738,1.8744549751281738,0,100.0,0.23756338668198262,1,-500.0,-600.0,1,100.0,6,0,6,0.14762436613318017
-638.762152,1135,27.015074,0.1520268024264001,0.14716144436235093,1.848836064338684,1.848836064338684,0,100.0,0.2838555637649065,1,-500.0,-600.0,1,100.0,1,0,1,0.14716144436235093
-630.46689,881,28.272912,0.15032973495115876,0.14899450761854166,0.5073863863945007,0.5073863863945007,0,100.0,0.10054923814583339,1,-500.0,-600.0,1,100.0,4,0,4,0.14899450761854166
-654.906599,1526,32.264284,0.15255335187394903,0.14794911360223578,1.7496105432510376,1.7496105432510376,0,100.0,0.20508863977642122,1,-500.0,-600.0,1,100.0,7,0,7,0.14794911360223578
-660.286041,2787,40.609356,0.15149540270916498,0.14767180050961054,1.4529688358306885,1.4529688358306885,0,100.0,0.23281994903894543,1,-500.0,-600.0,1,100.0,5,0,5,0.14767180050961054
-563.51465,5583,54.254834,0.8477422244553264,0.8512243571434911,-1.4661611318588257,-1.4661611318588257,0,0.0,0.0,0,-500.0,-500.0,0,0.0,0,0,0,0.3610703073115522
-652.405077,7115,71.782509,0.15271679107818453,0.1474536331834477,2.220752000808716,2.0,1,100.0,0.25463668165522924,1,-500.0,-600.0,1,100.0,10,0,10,0.1474536331834477
-660.556735,2243,76.513779,0.1524970769526148,0.14980228069158028,1.0240225791931152,1.0240225791931152,0,100.0,0.01977193084197193,1,-500.0,-600.0,1,100.0,8,0,8,0.14980228069158028
-661.953886,3195,83.941019,0.15194830482907504,0.14812688196355878,1.4521406888961792,1.4521406888961792,0,100.0,0.1873118036441218,1,-500.0,-600.0,1,100.0,7,0,7,0.14812688196355878
-552.188743,5355,97.230448,0.8488564174916742,0.8528761157389877,-1.6925045251846313,-1.6925045251846313,0,0.0,0.0,0,-500.0,-500.0,0,0.0,0,0,0,0.2072892985244789
-555.697557,5819,110.641135,0.8488496330654385,0.850961188552356,-0.8890759944915771,-0.8890759944915771,0,0.0,0.0,0,-500.0,-500.0,0,0.0,0,0,0,0.49611853877258927
-539.535769,8157,136.741875,0.8487547166314474,0.8503605148982755,-0.6761255860328674,-0.6761255860328674,0,0.0,0.0,0,-500.0,-500.0,0,0.0,0,0,0,0.47427959324145
-560.363533,2652,143.363075,0.8485162592739386,0.8520869403690619,-1.5034446716308594,-1.5034446716308594,0,0.0,0.0,0,-500.0,-500.0,0,0.0,0,0,0,0.49159865594116076
-565.304342,2396,148.033494,0.849885755954088,0.8558524752834451,-2.512302875518799,-2.512302875518799,0,0.0,0.0,0,-500.0,-500.0,0,0.0,0,0,0,0.49504394310438316
-499.375689,9569,171.259994,0.8486570317196602,0.8508226587074751,-0.911842942237854,-0.911842942237854,0,0.0,0.0,0,-500.0,-500.0,0,0.0,0,0,0,0.45733075561510433
-322.303286,13696,203.648946,0.8480598102181878,0.8523475287973609,-1.805355191230774,-1.805355191230774,0,0.0,0.0,0,-500.0,-500.0,0,0.0,0,0,0,0.2619732357386643
-611.9272,412,204.205908,0.15163327758504372,0.14910392405426032,0.9611543416976929,0.9611543416976929,0,100.0,0.08960759457396772,1,-500.0,-600.0,1,100.0,1,0,1,0.14910392405426032
-608.937372,368,204.730469,0.15172378253647562,0.14787214764506598,1.4636212587356567,1.4636212587356567,0,100.0,0.21278523549340123,1,-500.0,-600.0,1,100.0,2,0,2,0.14787214764506598
-609.466465,376,205.243636,0.15526217329752123,0.1499990154027844,2.0258705615997314,2.0,1,100.0,9.845972155919647e-05,1,-500.0,-600.0,1,100.0,6,0,6,0.1499990154027844
-616.779788,483,205.944569,0.1536859619029997,0.1498393717604987,1.4617042541503906,1.4617042541503906,0,100.0,0.016062823950130367,1,-500.0,-600.0,1,100.0,2,0,2,0.1498393717604987
-622.159288,615,208.177221,0.1542084127278801,0.14976188301319537,1.6896812915802002,1.6896812915802002,0,100.0,0.023811698680462068,1,-500.0,-600.0,1,100.0,4,0,4,0.14976188301319537
-616.838249,486,208.855135,0.15212582192644772,0.14830401570895296,1.4522863626480103,1.4522863626480103,0,100.0,0.16959842910470313,1,-500.0,-600.0,1,100.0,2,0,2,0.14830401570895296
-611.080601,400,209.396874,0.15264641474214366,0.14885829550133267,1.4394853115081787,1.4394853115081787,0,100.0,0.1141704498667323,1,-500.0,-600.0,1,100.0,1,0,1,0.14885829550133267
-617.628025,488,210.077118,0.1502833302888869,0.1485247156358517,0.6682735681533813,0.6682735681533813,0,100.0,0.14752843641482882,1,-500.0,-600.0,1,100.0,0,0,0,0.1485247156358517
-612.068416,410,212.250162,0.15007580418973,0.14627937919852388,1.4426414966583252,1.4426414966583252,0,100.0,0.37206208014761155,1,-500.0,-600.0,1,100.0,4,0,4,0.14627937919852388
-606.848618,356,212.940441,0.15410667922553664,0.14901199887859595,1.9359785318374634,1.9359785318374634,0,100.0,0.09880011214040418,1,-500.0,-600.0,1,100.0,3,0,3,0.14901199887859595
-609.900333,380,213.72694,0.15239776466100619,0.14713460676626935,2.751342296600342,2.0,1,100.0,0.286539323373064,1,-500.0,-600.0,1,100.0,2,0,2,0.14713460676626935
-610.978727,396,214.496401,0.1507036727410734,0.14666098614063924,1.536220908164978,1.536220908164978,0,100.0,0.3339013859360751,1,-500.0,-600.0,1,100.0,0,0,0,0.14666098614063924
-619.062887,558,215.668169,0.15020383076004612,0.1483189555879832,0.7162525653839111,0.7162525653839111,0,100.0,0.16810444120168022,1,-500.0,-600.0,1,100.0,5,0,5,0.1483189555879832
-616.168561,465,217.971768,0.155020915212698,0.14975775731796118,2.508110523223877,2.0,1,100.0,0.024224268203881794,1,-500.0,-600.0,1,100.0,4,0,4,0.14975775731796118
-617.181323,486,218.668408,0.15180115792117296,0.1499622208331101,0.6987960934638977,0.6987960934638977,0,100.0,0.0037779166889906346,1,-500.0,-600.0,1,100.0,5,0,5,0.1499622208331101
-616.204066,476,219.332237,0.153561387870265,0.14829822997552816,2.149937391281128,2.0,1,100.0,0.17017700244718326,1,-500.0,-600.0,1,100.0,3,0,3,0.14829822997552816
-624.821,671,220.256126,0.151886580708339,0.1469601238051825,1.872053623199463,1.872053623199463,0,100.0,0.30398761948174924,1,-500.0,-600.0,1,100.0,4,0,4,0.1469601238051825
-617.01588,479,222.307522,0.15110323937788697,0.1474645828620628,1.3826894760131836,1.3826894760131836,0,100.0,0.25354171379372015,1,-500.0,-600.0,1,100.0,2,0,2,0.1474645828620628
-614.964467,461,222.98608,0.152581958802564,0.14838192880197776,1.5960114002227783,1.5960114002227783,0,100.0,0.16180711980222362,1,-500.0,-600.0,1,100.0,2,0,2,0.14838192880197776
-617.320068,495,223.686618,0.15176270994083255,0.14770957056795672,1.54019296169281,1.54019296169281,0,100.0,0.22904294320432728,1,-500.0,-600.0,1,100.0,4,0,4,0.14770957056795672
-618.917968,516,224.417108,0.15188818026387965,0.14797813658509404,1.4858165979385376,1.4858165979385376,0,100.0,0.20218634149059556,1,-500.0,-600.0,1,100.0,4,0,4,0.14797813658509404
-638.275207,1061,227.791781,0.15086851219166297,0.14560535429692614,2.0558583736419678,2.0,1,100.0,0.43946457030738517,1,-500.0,-600.0,1,100.0,9,0,9,0.14560535429692614
-618.987491,509,228.791797,0.15043668335916419,0.14859425516431507,0.7001227140426636,0.7001227140426636,0,100.0,0.14057448356849245,1,-500.0,-600.0,1,100.0,8,0,8,0.14859425516431507
-625.719539,675,230.242734,0.1549956651354007,0.14973250724066386,2.3835623264312744,2.0,1,100.0,0.02674927593361298,1,-500.0,-600.0,1,100.0,3,0,3,0.14973250724066386
-520.58084,7256,251.638955,0.8489857378074575,0.8528064394661832,-1.6087164878845215,-1.6087164878845215,0,0.0,0.0,0,-500.0,-500.0,0,0.0,3,0,3,0.17980062043247722
-448.919951,9659,275.798561,0.848769411315726,0.8514701811871993,-1.1371662616729736,-1.1371662616729736,0,0.0,0.0,0,-500.0,-500.0,0,0.0,0,0,0,0.4180199880258721
-75.339872,16854,314.002393,0.8444681558509405,0.8528102143605287,-3.5124456882476807,-3.5124456882476807,0,0.0,0.0,0,-500.0,-500.0,0,0.0,0,0,0,0.24465988355095641
988.695235,26279,382.95918,0.5648113602495967,0.561204706722387,1.3705283403396606,1.3705283403396606,0,0.0,0.0,0,0.016442334949749494,0.016442334949749494,0,0.0,0,0,0,0.22878981335887522
1110.255306,26279,444.728314,0.39907469081173763,0.3975351886365069,0.585010826587677,0.585010826587677,0,0.0,0.0,0,-0.009935595354507047,-0.009935595354507047,0,0.0,0,0,0,0.22245109066152413
-603.022694,299,445.172236,0.1509909329918261,0.14937377898336227,0.6145185232162476,0.6145185232162476,0,100.0,0.06262210166377291,1,-500.0,-600.0,1,100.0,4,0,4,0.14937377898336227
-603.360693,301,445.620993,0.15187051123939435,0.1499029757185396,0.7476634979248047,0.7476634979248047,0,100.0,0.009702428146038389,1,-500.0,-600.0,1,100.0,0,0,0,0.1499029757185396
-603.625883,305,446.056617,0.15040333572324174,0.1470535575102427,1.2729157209396362,1.2729157209396362,0,100.0,0.2946442489757284,1,-500.0,-600.0,1,100.0,0,0,0,0.1470535575102427
-609.914548,387,446.608274,0.1527083840013334,0.1481123121933717,1.7465072870254517,1.7465072870254517,0,100.0,0.1887687806628291,1,-500.0,-600.0,1,100.0,2,0,2,0.1481123121933717
-604.429644,314,447.067135,0.15126063901519293,0.14952868928426963,0.6581408977508545,0.6581408977508545,0,100.0,0.04713107157303664,1,-500.0,-600.0,1,100.0,0,0,0,0.14952868928426963
-603.753029,308,449.335012,0.15024386448707228,0.147729067351669,0.9556229114532471,0.9556229114532471,0,100.0,0.22709326483310033,1,-500.0,-600.0,1,100.0,0,0,0,0.147729067351669
-603.860081,303,449.920678,0.15200405118781068,0.14924726546879244,1.0475785732269287,1.0475785732269287,0,100.0,0.0752734531207555,1,-500.0,-600.0,1,100.0,0,0,0,0.14924726546879244
-615.951329,484,450.921894,0.15057066484849543,0.14935884305084846,0.4604922831058502,0.4604922831058502,0,100.0,0.0641156949151539,1,-500.0,-600.0,1,100.0,2,0,2,0.14935884305084846
-604.772443,315,451.556672,0.1537410530573565,0.14847789516261967,2.3237855434417725,2.0,1,100.0,0.1522104837380328,1,-500.0,-600.0,1,100.0,3,0,3,0.14847789516261967
-609.421334,383,452.333037,0.15450838935267372,0.14977896658262527,1.7971806526184082,1.7971806526184082,0,100.0,0.022103341737472748,1,-500.0,-600.0,1,100.0,2,0,2,0.14977896658262527
-609.598404,383,453.012132,0.15227884879678866,0.14701569090205183,2.0402979850769043,2.0,1,100.0,0.2984309097948168,1,-500.0,-600.0,1,100.0,2,0,2,0.14701569090205183
-608.969145,379,454.941013,0.15024523050241212,0.14643791668373152,1.4467792510986328,1.4467792510986328,0,100.0,0.35620833162684773,1,-500.0,-600.0,1,100.0,1,0,1,0.14643791668373152
-609.398712,380,455.499157,0.15362955185682747,0.14904680670631157,1.741443157196045,1.741443157196045,0,100.0,0.09531932936884258,1,-500.0,-600.0,1,100.0,1,0,1,0.14904680670631157
-609.154414,379,456.022225,0.1510204908240488,0.14988625474553552,0.4310097098350525,0.4310097098350525,0,100.0,0.01137452544644757,1,-500.0,-600.0,1,100.0,1,0,1,0.14988625474553552
-609.238764,378,456.563656,0.15079939358171665,0.1498915045731946,0.3449978232383728,0.3449978232383728,0,100.0,0.010849542680538282,1,-500.0,-600.0,1,100.0,3,0,3,0.1498915045731946
-610.96497,406,457.109715,0.15404079950414556,0.14877764160940873,2.0103883743286133,2.0,1,100.0,0.12223583905912605,1,-500.0,-600.0,1,100.0,1,0,1,0.14877764160940873
-610.907665,408,459.062777,0.15071100866843615,0.14931826175563048,0.5292438268661499,0.5292438268661499,0,100.0,0.06817382443695119,1,-500.0,-600.0,1,100.0,0,0,0,0.14931826175563048
-610.77877,408,459.663148,0.15006339606870656,0.14718484558941997,1.0938491821289062,1.0938491821289062,0,100.0,0.28151544105800286,1,-500.0,-600.0,1,100.0,0,0,0,0.14718484558941997
-610.316171,398,460.216951,0.1504771281825869,0.1488701998214973,0.6106327772140503,0.6106327772140503,0,100.0,0.1129800178502699,1,-500.0,-600.0,1,100.0,1,0,1,0.1488701998214973
-604.573294,315,460.649526,0.15205937957827417,0.14855403983029314,1.332029104232788,1.332029104232788,0,100.0,0.14459601697068558,1,-500.0,-600.0,1,100.0,1,0,1,0.14855403983029314
-609.136278,380,461.180385,0.15141055368002224,0.1496185510146531,0.680961012840271,0.680961012840271,0,100.0,0.038144898534689387,1,-500.0,-600.0,1,100.0,3,0,3,0.1496185510146531
-630.778267,981,464.421544,0.15414140796465248,0.14942235828504688,1.793238878250122,1.793238878250122,0,100.0,0.057764171495311434,1,-500.0,-600.0,1,100.0,6,0,6,0.14942235828504688
-617.261385,499,465.423712,0.15043161225598312,0.14770259351758783,1.03702712059021,1.03702712059021,0,100.0,0.22974064824121676,1,-500.0,-600.0,1,100.0,1,0,1,0.14770259351758783
-614.765632,467,466.278504,0.1503025130058984,0.14773595802035008,0.9752908945083618,0.9752908945083618,0,100.0,0.22640419796499112,1,-500.0,-600.0,1,100.0,5,0,5,0.14773595802035008
-611.08989,411,467.141343,0.1516621108194817,0.14901704365470925,1.0051255226135254,1.0051255226135254,0,100.0,0.09829563452907475,1,-500.0,-600.0,1,100.0,2,0,2,0.14901704365470925
-379.08322,9947,498.579958,0.847879324660043,0.8536608595106404,-2.434330463409424,-2.434330463409424,0,0.0,0.0,0,-500.0,-500.0,0,0.0,2,0,2,0.16064216790539468
-418.229794,9091,519.522181,0.8498569107549727,0.8512929722490251,-0.6046574711799622,-0.6046574711799622,0,0.0,0.0,0,-500.0,-500.0,0,0.0,0,0,0,0.25685287397791096
-453.24385,8127,538.075964,0.848823857902478,0.8541298269619454,-2.2340922355651855,-2.2340922355651855,0,0.0,0.0,0,-500.0,-500.0,0,0.0,0,0,0,0.2935763988797799
-421.602402,8994,558.772535,0.8462637193468133,0.8503209213581602,-1.7082955837249756,-1.7082955837249756,0,0.0,0.0,0,-500.0,-500.0,0,0.0,0,0,0,0.3954523996054431
-347.359638,10529,582.229939,0.8484803276882807,0.8535612769947688,-2.1393470764160156,-2.1393470764160156,0,0.0,0.0,0,-500.0,-500.0,0,0.0,0,0,0,0.3879533816862508
-231.39395,12928,621.55868,0.8478808649327041,0.8504668605174305,-1.0888402462005615,-1.0888402462005615,0,0.0,0.0,0,-500.0,-500.0,0,0.0,0,0,0,0.33351188933967035
1131.616919,26279,681.012223,0.40481113264510415,0.402248931935711,0.973636269569397,0.973636269569397,0,0.0,0.0,0,0.0031145717900402867,0.0031145717900402867,0,0.0,0,0,0,0.24591846802984318
1173.801798,26279,749.713514,0.36015104486426414,0.3581055433309566,0.7772905826568604,0.7772905826568604,0,0.0,0.0,0,-0.0034787794137821904,-0.0034787794137821904,0,0.0,0,0,0,0.17542852957258281
1220.279996,26279,810.560966,0.38643337150728124,0.3811693258170459,2.0003373622894287,2.0003373622894287,0,0.0,0.0,0,0.03759152410866655,0.03759152410866655,0,0.0,0,0,0,0.18856463780064225
419.680781,22288,868.921455,0.1502613944662964,0.14665085534366473,1.3720048666000366,1.3720048666000366,0,100.0,0.3349144656335262,1,-500.0,-600.0,1,100.0,5,0,5,0.14665085534366473
408.144689,21617,919.502882,0.15408729209428604,0.1491930395807017,1.8598159551620483,1.8598159551620483,0,100.0,0.0806960419298286,1,-500.0,-600.0,1,100.0,25,0,25,0.1491930395807017
-597.550264,194,919.778004,0.15048336162516135,0.14791729539770018,0.9751051664352417,0.9751051664352417,0,100.0,0.2082704602299812,1,-500.0,-600.0,1,100.0,1,0,1,0.14791729539770018
-598.159447,213,920.083498,0.1502896280278896,0.14502647013315276,2.096386194229126,2.0,1,100.0,0.4973529866847237,1,-500.0,-600.0,1,100.0,1,0,1,0.14502647013315276
-598.029485,209,920.385132,0.1510598869658026,0.1482560151459551,1.0654712915420532,1.0654712915420532,0,100.0,0.17439848540448943,1,-500.0,-600.0,1,100.0,1,0,1,0.1482560151459551
-597.555066,199,920.659013,0.1507291321236835,0.14773168418125088,1.1390302181243896,1.1390302181243896,0,100.0,0.2268315818749117,1,-500.0,-600.0,1,100.0,1,0,1,0.14773168418125088
-597.600502,198,920.938201,0.1534814802161174,0.14993609398956373,1.347246766090393,1.347246766090393,0,100.0,0.006390601043626543,1,-500.0,-600.0,1,100.0,3,0,3,0.14993609398956373
-598.154131,212,921.254809,0.15143383322264045,0.14907598013626927,0.8959841728210449,0.8959841728210449,0,100.0,0.0924019863730724,1,-500.0,-600.0,1,100.0,1,0,1,0.14907598013626927
-597.527731,197,921.532923,0.15077269329983536,0.14867584220819952,0.7968034148216248,0.7968034148216248,0,100.0,0.13241577918004788,1,-500.0,-600.0,1,100.0,0,0,0,0.14867584220819952
-597.712108,208,921.897636,0.15029221747541133,0.148409162127266,0.715561032295227,0.715561032295227,0,100.0,0.15908378727340078,1,-500.0,-600.0,1,100.0,0,0,0,0.148409162127266
-597.346576,195,922.302901,0.15128887749600586,0.14891011321799555,0.9039304256439209,0.9039304256439209,0,100.0,0.10898867820044456,1,-500.0,-600.0,1,100.0,3,0,3,0.14891011321799555
-597.767137,203,924.639866,0.1517059207456678,0.14932007998463367,0.9066194891929626,0.9066194891929626,0,100.0,0.06799200153663199,1,-500.0,-600.0,1,100.0,0,0,0,0.14932007998463367
-598.3555,214,925.044276,0.15291764192812546,0.14935290207341323,1.3546011447906494,1.3546011447906494,0,100.0,0.06470979265867649,1,-500.0,-600.0,1,100.0,0,0,0,0.14935290207341323
-597.852404,205,925.456936,0.15034646342871225,0.14945879309996968,0.3373147249221802,0.3373147249221802,0,100.0,0.05412069000303166,1,-500.0,-600.0,1,100.0,0,0,0,0.14945879309996968
-597.874106,201,925.908211,0.15019861655368658,0.14805840386724828,0.8132808208465576,0.8132808208465576,0,100.0,0.19415961327517162,1,-500.0,-600.0,1,100.0,2,0,2,0.14805840386724828
-598.298347,213,926.388073,0.15061513113622602,0.14915847439789456,0.5535295605659485,0.5535295605659485,0,100.0,0.08415256021054307,1,-500.0,-600.0,1,100.0,1,0,1,0.14915847439789456
-598.083393,212,926.737583,0.15052963850245268,0.14750453651451356,1.1495387554168701,1.1495387554168701,0,100.0,0.24954634854864322,1,-500.0,-600.0,1,100.0,0,0,0,0.14750453651451356
-597.965378,204,927.015,0.1524868378347085,0.14748359979669565,1.9012304544448853,1.9012304544448853,0,100.0,0.25164002033043475,1,-500.0,-600.0,1,100.0,0,0,0,0.14748359979669565
-597.82468,203,927.298213,0.15015738158457398,0.14606698930871354,1.5543490648269653,1.5543490648269653,0,100.0,0.39330106912864593,1,-500.0,-600.0,1,100.0,0,0,0,0.14606698930871354
-597.605158,198,927.583323,0.15358226746173673,0.14883873909564785,1.8025407791137695,1.8025407791137695,0,100.0,0.1161260904352146,1,-500.0,-600.0,1,100.0,0,0,0,0.14883873909564785
-597.879054,204,927.885987,0.15291991148781217,0.14950200610696082,1.2988040447235107,1.2988040447235107,0,100.0,0.04979938930391725,1,-500.0,-600.0,1,100.0,0,0,0,0.14950200610696082
-597.862149,207,929.56172,0.15085089139650157,0.1499672047755634,0.3358009159564972,0.3358009159564972,0,100.0,0.003279522443658256,1,-500.0,-600.0,1,100.0,0,0,0,0.1499672047755634
-597.75704,205,929.868662,0.1528687043547459,0.14797726172959974,1.858748197555542,1.858748197555542,0,100.0,0.2022738270400254,1,-500.0,-600.0,1,100.0,1,0,1,0.14797726172959974
-598.376841,215,930.18994,0.15050696328478408,0.14829045367280103,0.8422736525535583,0.8422736525535583,0,100.0,0.17095463271989686,1,-500.0,-600.0,1,100.0,1,0,1,0.14829045367280103
-597.307517,196,930.488131,0.15237580408146126,0.14863421410861388,1.4218041896820068,1.4218041896820068,0,100.0,0.1365785891386112,1,-500.0,-600.0,1,100.0,0,0,0,0.14863421410861388
-597.951353,205,930.808746,0.1516853257562767,0.14642216786153986,2.189969539642334,2.0,1,100.0,0.3577832138460135,1,-500.0,-600.0,1,100.0,1,0,1,0.14642216786153986
-597.802842,206,931.112164,0.1510421495437621,0.1490930371911901,0.740662693977356,0.740662693977356,0,100.0,0.09069628088098913,1,-500.0,-600.0,1,100.0,1,0,1,0.1490930371911901
-598.291654,214,931.44208,0.15081287622098888,0.1462975150625175,1.7158372402191162,1.7158372402191162,0,100.0,0.37024849374824864,1,-500.0,-600.0,1,100.0,0,0,0,0.1462975150625175
-598.102507,207,931.746981,0.15011539474467872,0.14685829014708512,1.2376997470855713,1.2376997470855713,0,100.0,0.314170985291487,1,-500.0,-600.0,1,100.0,1,0,1,0.14685829014708512
-597.568363,197,932.039744,0.15096101065881934,0.1471280756267277,1.4565153121948242,1.4565153121948242,0,100.0,0.28719243732723,1,-500.0,-600.0,1,100.0,1,0,1,0.1471280756267277
-598.307661,212,932.34105,0.15143493915192371,0.14931404574254606,0.8059394955635071,0.8059394955635071,0,100.0,0.06859542574539357,1,-500.0,-600.0,1,100.0,0,0,0,0.14931404574254606
-598.762209,216,934.02563,0.1530349429502688,0.14905351110214432,1.5129441022872925,1.5129441022872925,0,100.0,0.0946488897855674,1,-500.0,-600.0,1,100.0,0,0,0,0.14905351110214432
-597.929941,207,934.320544,0.15092349366814287,0.14928688925239988,0.6219096779823303,0.6219096779823303,0,100.0,0.07131107476001097,1,-500.0,-600.0,1,100.0,0,0,0,0.14928688925239988
-597.622543,196,934.627313,0.15278628849689094,0.14846619058616048,1.6416372060775757,1.6416372060775757,0,100.0,0.15338094138395153,1,-500.0,-600.0,1,100.0,0,0,0,0.14846619058616048
-597.859237,204,934.941482,0.15072177702114975,0.14733768755124008,1.2859539985656738,1.2859539985656738,0,100.0,0.2662312448759918,1,-500.0,-600.0,1,100.0,0,0,0,0.14733768755124008
-598.547036,216,935.252093,0.1502873436502722,0.14839642080272517,0.7185506820678711,0.7185506820678711,0,100.0,0.16035791972748292,1,-500.0,-600.0,1,100.0,0,0,0,0.14839642080272517
-598.168219,210,935.586585,0.1502813503419688,0.14974722457157563,0.2029677927494049,0.2029677927494049,0,100.0,0.025277542842436218,1,-500.0,-600.0,1,100.0,0,0,0,0.14974722457157563
-598.124397,210,935.882502,0.15067590723421975,0.14761741692023805,1.1622263193130493,1.1622263193130493,0,100.0,0.23825830797619407,1,-500.0,-600.0,1,100.0,0,0,0,0.14761741692023805
-598.169449,209,936.190217,0.15007349079474794,0.14939260262505777,0.2587375044822693,0.2587375044822693,0,100.0,0.06073973749422257,1,-500.0,-600.0,1,100.0,1,0,1,0.14939260262505777
-597.828183,205,936.476624,0.1509316377401549,0.1489224837466487,0.7634785175323486,0.7634785175323486,0,100.0,0.1077516253351285,1,-500.0,-600.0,1,100.0,0,0,0,0.1489224837466487
-598.085697,211,936.89066,0.15247530898526537,0.14897882962458453,1.3286621570587158,1.3286621570587158,0,100.0,0.10211703754154644,1,-500.0,-600.0,1,100.0,1,0,1,0.14897882962458453
-603.802271,315,939.402203,0.15208201434629925,0.14829844701809716,1.4377555847167969,1.4377555847167969,0,100.0,0.1701552981902832,1,-500.0,-600.0,1,100.0,0,0,0,0.14829844701809716
-599.216829,221,939.814053,0.15280412324601314,0.14999972282707907,1.0656721591949463,1.0656721591949463,0,100.0,2.7717292092055423e-05,1,-500.0,-600.0,1,100.0,0,0,0,0.14999972282707907
-602.879033,310,940.436,0.1513196588023322,0.14971149944847364,0.6111005544662476,0.6111005544662476,0,100.0,0.028850055152634946,1,-500.0,-600.0,1,100.0,1,0,1,0.14971149944847364
-598.833183,219,940.890184,0.15117209050039726,0.14909099777885973,0.7908152341842651,0.7908152341842651,0,100.0,0.09090022211402649,1,-500.0,-600.0,1,100.0,2,0,2,0.14909099777885973
-598.397161,215,941.328441,0.15207676674700102,0.14930666535033996,1.0526385307312012,1.0526385307312012,0,100.0,0.06933346496600379,1,-500.0,-600.0,1,100.0,1,0,1,0.14930666535033996
-603.511502,313,941.810016,0.15172412544253686,0.1489471089659559,1.055266261100769,1.055266261100769,0,100.0,0.10528910340441011,1,-500.0,-600.0,1,100.0,1,0,1,0.1489471089659559
-597.89912,210,942.102002,0.15138581856751918,0.14782874951688088,1.3516862392425537,1.3516862392425537,0,100.0,0.21712504831191137,1,-500.0,-600.0,1,100.0,0,0,0,0.14782874951688088
-598.030277,203,942.400535,0.1519585945325855,0.14992415264111605,0.7730879187583923,0.7730879187583923,0,100.0,0.007584735888394034,1,-500.0,-600.0,1,100.0,0,0,0,0.14992415264111605
-615.044668,490,944.434978,0.15010977660487113,0.14946473604102423,0.24511541426181793,0.24511541426181793,0,100.0,0.053526395897576795,1,-500.0,-600.0,1,100.0,0,0,0,0.14946473604102423
-609.352623,406,945.018408,0.15051514051438006,0.14861780624616147,0.7209870219230652,0.7209870219230652,0,100.0,0.13821937538385232,1,-500.0,-600.0,1,100.0,0,0,0,0.14861780624616147
-614.68543,483,945.696909,0.15027074039658833,0.1470559613709584,1.2216160297393799,1.2216160297393799,0,100.0,0.29440386290416065,1,-500.0,-600.0,1,100.0,1,0,1,0.1470559613709584
-615.363729,497,946.384883,0.15032636996446863,0.14993851226695665,0.14738592505455017,0.14738592505455017,0,100.0,0.00614877330433472,1,-500.0,-600.0,1,100.0,0,0,0,0.14993851226695665
-615.001585,488,948.436,0.15184592297295785,0.14969404283415907,0.8177144527435303,0.8177144527435303,0,100.0,0.030595716584091992,1,-500.0,-600.0,1,100.0,1,0,1,0.14969404283415907
-615.558009,501,949.125444,0.15138229972937844,0.14934433786992635,0.7744255065917969,0.7744255065917969,0,100.0,0.06556621300736476,1,-500.0,-600.0,1,100.0,0,0,0,0.14934433786992635
-615.904275,504,949.862803,0.1511343205234916,0.14983481974438986,0.4938102960586548,0.4938102960586548,0,100.0,0.016518025561013117,1,-500.0,-600.0,1,100.0,0,0,0,0.14983481974438986
-615.829455,499,950.534026,0.1508142645957536,0.14928904871274956,0.5795820355415344,0.5795820355415344,0,100.0,0.07109512872504331,1,-500.0,-600.0,1,100.0,0,0,0,0.14928904871274956
-615.921501,501,953.083842,0.1505409746075929,0.14873078625139413,0.6878715753555298,0.6878715753555298,0,100.0,0.1269213748605863,1,-500.0,-600.0,1,100.0,2,0,2,0.14873078625139413
-633.968941,1068,955.13735,0.1520850811522383,0.14985233884266796,0.8484420776367188,0.8484420776367188,0,100.0,0.014766115733202967,1,-500.0,-600.0,1,100.0,0,0,0,0.14985233884266796
537.524628,23540,1017.110566,0.15285791096292003,0.14929426846108898,1.3541841506958008,1.3541841506958008,0,100.0,0.07057315389110141,1,-500.0,-600.0,1,100.0,4,0,4,0.14929426846108898
578.728944,24118,1070.762659,0.15117049013231407,0.1477431223572503,1.302399754524231,1.302399754524231,0,100.0,0.2256877642749705,1,-500.0,-600.0,1,100.0,9,0,9,0.1477431223572503
-603.075581,313,1073.325905,0.1516840526172645,0.14904566619204543,1.002586841583252,1.002586841583252,0,100.0,0.0954333807954566,1,-500.0,-600.0,1,100.0,0,0,0,0.14904566619204543
-608.535969,395,1074.091997,0.15084284021124525,0.14967039684958644,0.44552847743034363,0.44552847743034363,0,100.0,0.03296031504135544,1,-500.0,-600.0,1,100.0,3,0,3,0.14967039684958644
-602.264442,302,1074.515879,0.15019126115445272,0.14746239738813385,1.0369682312011719,1.0369682312011719,0,100.0,0.2537602611866141,1,-500.0,-600.0,1,100.0,0,0,0,0.14746239738813385
-603.554293,318,1074.951758,0.15082625261007923,0.14771581684817578,1.1819655895233154,1.1819655895233154,0,100.0,0.2284183151824215,1,-500.0,-600.0,1,100.0,0,0,0,0.14771581684817578
-609.064819,403,1075.551019,0.15094933692158802,0.14957758401950688,0.5212661027908325,0.5212661027908325,0,100.0,0.04224159804931127,1,-500.0,-600.0,1,100.0,1,0,1,0.14957758401950688
-609.661047,412,1076.105012,0.1502604283311063,0.14907320780160022,0.4511438012123108,0.4511438012123108,0,100.0,0.09267921983997784,1,-500.0,-600.0,1,100.0,0,0,0,0.14907320780160022
-614.45539,486,1078.1456,0.15176478202072438,0.1492295651182927,0.9633824229240417,0.9633824229240417,0,100.0,0.07704348817073048,1,-500.0,-600.0,1,100.0,0,0,0,0.1492295651182927
-615.016556,493,1078.83485,0.15093318330476985,0.1488891828673847,0.7767201662063599,0.7767201662063599,0,100.0,0.11108171326152938,1,-500.0,-600.0,1,100.0,0,0,0,0.1488891828673847
-615.492296,502,1079.566584,0.15060306349739846,0.1479150060120188,1.021461844444275,1.021461844444275,0,100.0,0.2084993987981204,1,-500.0,-600.0,1,100.0,0,0,0,0.1479150060120188
-148.187624,12738,1117.063922,0.8473212694147906,0.850691042564281,-1.4188518524169922,-1.4188518524169922,0,0.0,0.0,0,-500.0,-500.0,0,0.0,0,0,0,0.15339179611857975
-368.16697,9091,1138.563197,0.8498320451548441,0.850752642588888,-0.3876199722290039,-0.3876199722290039,0,0.0,0.0,0,-500.0,-500.0,0,0.0,0,0,0,0.18059990530818887
-371.468246,9085,1159.102294,0.8432294193345329,0.852172381772401,-3.76545786857605,-3.76545786857605,0,0.0,0.0,0,-500.0,-500.0,0,0.0,0,0,0,0.22266337349020734
-333.969178,9760,1182.372973,0.8452916851008633,0.8536981867218711,-3.5395796298980713,-3.5395796298980713,0,0.0,0.0,0,-500.0,-500.0,0,0.0,0,0,0,0.2181698526231278
-150.002209,12640,1211.218967,0.8496730077747491,0.8581436320130017,-3.5665786266326904,-3.5665786266326904,0,0.0,0.0,0,-500.0,-500.0,0,0.0,0,0,0,0.1973376400495238
-614.099222,477,1211.92413,0.1514356326100071,0.14766837436745017,1.4315581321716309,1.4315581321716309,0,100.0,0.2331625632549822,1,-500.0,-600.0,1,100.0,0,0,0,0.14766837436745017
-609.427674,412,1213.861834,0.15123416364825273,0.14803460576664648,1.215831995010376,1.215831995010376,0,100.0,0.19653942333535124,1,-500.0,-600.0,1,100.0,0,0,0,0.14803460576664648
-608.386407,398,1214.419072,0.15130796481936098,0.14659093667833925,1.7924706935882568,1.7924706935882568,0,100.0,0.34090633216607436,1,-500.0,-600.0,1,100.0,1,0,1,0.14659093667833925
-602.69026,310,1214.860147,0.15107751474931497,0.14817153860442392,1.1042709350585938,1.1042709350585938,0,100.0,0.18284613955760753,1,-500.0,-600.0,1,100.0,0,0,0,0.14817153860442392
-608.622532,397,1215.411205,0.15059671169362526,0.149907768583611,0.2617983818054199,0.2617983818054199,0,100.0,0.009223141638900478,1,-500.0,-600.0,1,100.0,2,0,2,0.149907768583611
-608.974804,405,1216.001203,0.1500624384974174,0.1457467833286833,1.6399489641189575,1.6399489641189575,0,100.0,0.4253216671316701,1,-500.0,-600.0,1,100.0,0,0,0,0.1457467833286833
-614.748746,489,1218.462519,0.15097215137307166,0.14896661208756246,0.7621049284934998,0.7621049284934998,0,100.0,0.10333879124375389,1,-500.0,-600.0,1,100.0,2,0,2,0.14896661208756246
-609.377981,410,1219.278867,0.15182490592288136,0.1490628241743205,1.049591064453125,1.049591064453125,0,100.0,0.09371758256794815,1,-500.0,-600.0,1,100.0,0,0,0,0.1490628241743205
-614.462652,481,1220.1754,0.1514974780266019,0.14975231708301848,0.6631611585617065,0.6631611585617065,0,100.0,0.024768291698151756,1,-500.0,-600.0,1,100.0,0,0,0,0.14975231708301848
-614.814585,491,1221.109468,0.15253723371372022,0.1495984888173836,1.1167230606079102,1.1167230606079102,0,100.0,0.04015111826163875,1,-500.0,-600.0,1,100.0,0,0,0,0.1495984888173836
-609.528609,413,1221.938122,0.1502012548546127,0.14991213483926757,0.10986560583114624,0.10986560583114624,0,100.0,0.00878651607324199,1,-500.0,-600.0,1,100.0,0,0,0,0.14991213483926757
-615.164534,502,1224.079225,0.150636290550134,0.1492262689564378,0.5358082056045532,0.5358082056045532,0,100.0,0.07737310435621814,1,-500.0,-600.0,1,100.0,0,0,0,0.1492262689564378
-622.53987,690,1225.046396,0.15042689643366403,0.14954343411441542,0.3357156813144684,0.3357156813144684,0,100.0,0.045656588558457,1,-500.0,-600.0,1,100.0,4,0,4,0.14954343411441542
-615.214014,500,1225.77251,0.1534976721020709,0.14919733940525662,1.6341264247894287,1.6341264247894287,0,100.0,0.08026605947433763,1,-500.0,-600.0,1,100.0,1,0,1,0.14919733940525662
-614.598904,489,1227.886709,0.15122767972210951,0.14945455055379986,0.6737890839576721,0.6737890839576721,0,100.0,0.05454494462001358,1,-500.0,-600.0,1,100.0,1,0,1,0.14945455055379986
