episode_reward,episode_length,wall_time,soc_before,soc_after,original_action_kw,protected_action_kw,soc_action_protection_applied,soc_fibonacci_penalty,soc_deficit_percent_below_15,soc_fibonacci_level,reward_before_soc_penalty,reward_after_soc_penalty,episode_soc_penalty_count,episode_soc_penalty_total,episode_action_protection_count,episode_action_block_count,episode_action_clip_count,episode_min_soc,source_file,episode,timesteps,moving_average_reward_5,moving_average_reward_10
-655.591685,2184,6.253156,0.151460983846143,0.1477918612004135,1.3942666053771973,1.3942666053771973,0,100.0,0.2208138799586423,1,-500.0,-600.0,1,100.0,8,0,8,0.1477918612004135,pomdp_lstm_train.monitor.csv,1,2184,-655.591685,-655.591685
-641.240907,1170,8.830121,0.1529595790286799,0.1486172994062506,1.6500662565231323,1.6500662565231323,0,100.0,0.1382700593749397,1,-500.0,-600.0,1,100.0,6,0,6,0.1486172994062506,pomdp_lstm_train.monitor.csv,2,3354,-648.416296,-648.416296
-629.238268,815,11.460943,0.151274894307612,0.1478028952019578,1.3193596601486206,1.3193596601486206,0,100.0,0.2197104798042193,1,-500.0,-600.0,1,100.0,2,0,2,0.1478028952019578,pomdp_lstm_train.monitor.csv,3,4169,-642.0236199999999,-642.0236199999999
-643.402439,1194,13.147401,0.1502989340551496,0.1477774210448235,0.9581749439239502,0.9581749439239502,0,100.0,0.2222578955176496,1,-500.0,-600.0,1,100.0,0,0,0,0.1477774210448235,pomdp_lstm_train.monitor.csv,4,5363,-642.3683247499999,-642.3683247499999
-641.01361,1094,16.089693,0.1505673728040658,0.1473350392694235,1.2282867431640625,1.2282867431640625,0,100.0,0.2664960730576454,1,-500.0,-600.0,1,100.0,3,0,3,0.1473350392694235,pomdp_lstm_train.monitor.csv,5,6457,-642.0973818,-642.0973818
-629.285157,812,17.293165,0.1513434828400707,0.1473162416853498,1.530351638793945,1.530351638793945,0,100.0,0.2683758314650203,1,-500.0,-600.0,1,100.0,3,0,3,0.1473162416853498,pomdp_lstm_train.monitor.csv,6,7269,-636.8360762,-639.962011
-636.873455,1029,20.914134,0.1503156777737956,0.1499441004575867,0.141199380159378,0.141199380159378,0,100.0,0.0055899542413251,1,-500.0,-600.0,1,100.0,2,0,2,0.1499441004575867,pomdp_lstm_train.monitor.csv,7,8298,-635.9625857999999,-639.5207887142858
-626.47044,761,22.389414,0.1508107230157933,0.1479506578191035,1.0868247747421265,1.0868247747421265,0,100.0,0.2049342180896418,1,-500.0,-600.0,1,100.0,3,0,3,0.1479506578191035,pomdp_lstm_train.monitor.csv,8,9059,-635.4090202,-637.8894951249999
-634.370726,973,24.059666,0.1525571423835174,0.1476243661331801,1.8744549751281736,1.8744549751281736,0,100.0,0.2375633866819826,1,-500.0,-600.0,1,100.0,6,0,6,0.1476243661331801,pomdp_lstm_train.monitor.csv,9,10032,-633.6026776000001,-637.4985207777777
-638.762152,1135,27.015074,0.1520268024264001,0.1471614443623509,1.848836064338684,1.848836064338684,0,100.0,0.2838555637649065,1,-500.0,-600.0,1,100.0,1,0,1,0.1471614443623509,pomdp_lstm_train.monitor.csv,10,11167,-633.152386,-637.6248839
-630.46689,881,28.272912,0.1503297349511587,0.1489945076185416,0.5073863863945007,0.5073863863945007,0,100.0,0.1005492381458333,1,-500.0,-600.0,1,100.0,4,0,4,0.1489945076185416,pomdp_lstm_train.monitor.csv,11,12048,-633.3887326,-635.1124044000001
-654.906599,1526,32.264284,0.152553351873949,0.1479491136022357,1.7496105432510376,1.7496105432510376,0,100.0,0.2050886397764212,1,-500.0,-600.0,1,100.0,7,0,7,0.1479491136022357,pomdp_lstm_train.monitor.csv,12,13574,-636.9953614,-636.4789736
-660.286041,2787,40.609356,0.1514954027091649,0.1476718005096105,1.4529688358306885,1.4529688358306885,0,100.0,0.2328199490389454,1,-500.0,-600.0,1,100.0,5,0,5,0.1476718005096105,pomdp_lstm_train.monitor.csv,13,16361,-643.7584816000001,-639.5837509
-563.51465,5583,54.254834,0.8477422244553264,0.8512243571434911,-1.4661611318588257,-1.4661611318588257,0,0.0,0.0,0,-500.0,-500.0,0,0.0,0,0,0,0.3610703073115522,pomdp_lstm_train.monitor.csv,14,21944,-629.5872664,-631.594972
-652.405077,7115,71.782509,0.1527167910781845,0.1474536331834477,2.220752000808716,2.0,1,100.0,0.2546366816552292,1,-500.0,-600.0,1,100.0,10,0,10,0.1474536331834477,pomdp_lstm_train.monitor.csv,15,29059,-632.3158514,-632.7341187
-660.556735,2243,76.513779,0.1524970769526148,0.1498022806915802,1.0240225791931152,1.0240225791931152,0,100.0,0.0197719308419719,1,-500.0,-600.0,1,100.0,8,0,8,0.1498022806915802,pomdp_lstm_train.monitor.csv,16,31302,-638.3338203999999,-635.8612765
-661.953886,3195,83.941019,0.151948304829075,0.1481268819635587,1.4521406888961792,1.4521406888961792,0,100.0,0.1873118036441218,1,-500.0,-600.0,1,100.0,7,0,7,0.1481268819635587,pomdp_lstm_train.monitor.csv,17,34497,-639.7432778,-638.3693196
-552.188743,5355,97.230448,0.8488564174916742,0.8528761157389877,-1.6925045251846311,-1.6925045251846311,0,0.0,0.0,0,-500.0,-500.0,0,0.0,0,0,0,0.2072892985244789,pomdp_lstm_train.monitor.csv,18,39852,-618.1238182,-630.9411499
-555.697557,5819,110.641135,0.8488496330654385,0.850961188552356,-0.8890759944915771,-0.8890759944915771,0,0.0,0.0,0,-500.0,-500.0,0,0.0,0,0,0,0.4961185387725892,pomdp_lstm_train.monitor.csv,19,45671,-616.5603996,-623.073833
-539.535769,8157,136.741875,0.8487547166314474,0.8503605148982755,-0.6761255860328674,-0.6761255860328674,0,0.0,0.0,0,-500.0,-500.0,0,0.0,0,0,0,0.47427959324145,pomdp_lstm_train.monitor.csv,20,53828,-593.9865379999999,-613.1511947
-560.363533,2652,143.363075,0.8485162592739386,0.8520869403690619,-1.5034446716308594,-1.5034446716308594,0,0.0,0.0,0,-500.0,-500.0,0,0.0,0,0,0,0.4915986559411607,pomdp_lstm_train.monitor.csv,21,56480,-573.9478976,-606.1408589999999
-565.304342,2396,148.033494,0.849885755954088,0.8558524752834451,-2.512302875518799,-2.512302875518799,0,0.0,0.0,0,-500.0,-500.0,0,0.0,0,0,0,0.4950439431043831,pomdp_lstm_train.monitor.csv,22,58876,-554.6179887999999,-597.1806333
-499.375689,9569,171.259994,0.8486570317196602,0.8508226587074751,-0.911842942237854,-0.911842942237854,0,0.0,0.0,0,-500.0,-500.0,0,0.0,0,0,0,0.4573307556151043,pomdp_lstm_train.monitor.csv,23,68445,-544.0553779999999,-581.0895981000001
-322.303286,13696,203.648946,0.8480598102181878,0.8523475287973609,-1.805355191230774,-1.805355191230774,0,0.0,0.0,0,-500.0,-500.0,0,0.0,0,0,0,0.2619732357386643,pomdp_lstm_train.monitor.csv,24,82141,-497.3765238,-556.9684617
-611.9272,412,204.205908,0.1516332775850437,0.1491039240542603,0.9611543416976928,0.9611543416976928,0,100.0,0.0896075945739677,1,-500.0,-600.0,1,100.0,1,0,1,0.1491039240542603,pomdp_lstm_train.monitor.csv,25,82553,-511.85481,-552.920674
-608.937372,368,204.730469,0.1517237825364756,0.1478721476450659,1.4636212587356567,1.4636212587356567,0,100.0,0.2127852354934012,1,-500.0,-600.0,1,100.0,2,0,2,0.1478721476450659,pomdp_lstm_train.monitor.csv,26,82921,-521.5695777999999,-547.7587377
-609.466465,376,205.243636,0.1552621732975212,0.1499990154027844,2.0258705615997314,2.0,1,100.0,9.845972155919648e-05,1,-500.0,-600.0,1,100.0,6,0,6,0.1499990154027844,pomdp_lstm_train.monitor.csv,27,83297,-530.4020023999999,-542.5099956
-616.779788,483,205.944569,0.1536859619029997,0.1498393717604987,1.4617042541503906,1.4617042541503906,0,100.0,0.0160628239501303,1,-500.0,-600.0,1,100.0,2,0,2,0.1498393717604987,pomdp_lstm_train.monitor.csv,28,83780,-553.8828222,-548.9691000999999
-622.159288,615,208.177221,0.1542084127278801,0.1497618830131953,1.6896812915802002,1.6896812915802002,0,100.0,0.023811698680462,1,-500.0,-600.0,1,100.0,4,0,4,0.1497618830131953,pomdp_lstm_train.monitor.csv,29,84395,-613.8540225999999,-555.6152732
-616.838249,486,208.855135,0.1521258219264477,0.1483040157089529,1.4522863626480105,1.4522863626480105,0,100.0,0.1695984291047031,1,-500.0,-600.0,1,100.0,2,0,2,0.1483040157089529,pomdp_lstm_train.monitor.csv,30,84881,-614.8362324,-563.3455212
-611.080601,400,209.396874,0.1526464147421436,0.1488582955013326,1.4394853115081787,1.4394853115081787,0,100.0,0.1141704498667323,1,-500.0,-600.0,1,100.0,1,0,1,0.1488582955013326,pomdp_lstm_train.monitor.csv,31,85281,-615.2648781999999,-568.417228
-617.628025,488,210.077118,0.1502833302888869,0.1485247156358517,0.6682735681533813,0.6682735681533813,0,100.0,0.1475284364148288,1,-500.0,-600.0,1,100.0,0,0,0,0.1485247156358517,pomdp_lstm_train.monitor.csv,32,85769,-616.8971902,-573.6495963
-612.068416,410,212.250162,0.15007580418973,0.1462793791985238,1.4426414966583252,1.4426414966583252,0,100.0,0.3720620801476115,1,-500.0,-600.0,1,100.0,4,0,4,0.1462793791985238,pomdp_lstm_train.monitor.csv,33,86179,-615.9549158,-584.9188689999999
-606.848618,356,212.940441,0.1541066792255366,0.1490119988785959,1.9359785318374636,1.9359785318374636,0,100.0,0.0988001121404041,1,-500.0,-600.0,1,100.0,3,0,3,0.1490119988785959,pomdp_lstm_train.monitor.csv,34,86535,-612.8927818,-613.3734022000001
-609.900333,380,213.72694,0.1523977646610061,0.1471346067662693,2.751342296600342,2.0,1,100.0,0.286539323373064,1,-500.0,-600.0,1,100.0,2,0,2,0.1471346067662693,pomdp_lstm_train.monitor.csv,35,86915,-611.5051986,-613.1707155
-610.978727,396,214.496401,0.1507036727410734,0.1466609861406392,1.536220908164978,1.536220908164978,0,100.0,0.3339013859360751,1,-500.0,-600.0,1,100.0,0,0,0,0.1466609861406392,pomdp_lstm_train.monitor.csv,36,87311,-611.4848238000001,-613.3748509999999
-619.062887,558,215.668169,0.1502038307600461,0.1483189555879832,0.7162525653839111,0.7162525653839111,0,100.0,0.1681044412016802,1,-500.0,-600.0,1,100.0,5,0,5,0.1483189555879832,pomdp_lstm_train.monitor.csv,37,87869,-611.7717962,-614.3344932
-616.168561,465,217.971768,0.155020915212698,0.1497577573179611,2.508110523223877,2.0,1,100.0,0.0242242682038817,1,-500.0,-600.0,1,100.0,4,0,4,0.1497577573179611,pomdp_lstm_train.monitor.csv,38,88334,-612.5918252,-614.2733705
-617.181323,486,218.668408,0.1518011579211729,0.1499622208331101,0.6987960934638977,0.6987960934638977,0,100.0,0.0037779166889906,1,-500.0,-600.0,1,100.0,5,0,5,0.1499622208331101,pomdp_lstm_train.monitor.csv,39,88820,-614.6583662,-613.775574
-616.204066,476,219.332237,0.153561387870265,0.1482982299755281,2.149937391281128,2.0,1,100.0,0.1701770024471832,1,-500.0,-600.0,1,100.0,3,0,3,0.1482982299755281,pomdp_lstm_train.monitor.csv,40,89296,-615.9191128,-613.7121557
-624.821,671,220.256126,0.151886580708339,0.1469601238051825,1.872053623199463,1.872053623199463,0,100.0,0.3039876194817492,1,-500.0,-600.0,1,100.0,4,0,4,0.1469601238051825,pomdp_lstm_train.monitor.csv,41,89967,-618.6875674,-615.0861956
-617.01588,479,222.307522,0.1511032393778869,0.1474645828620628,1.3826894760131836,1.3826894760131836,0,100.0,0.2535417137937201,1,-500.0,-600.0,1,100.0,2,0,2,0.1474645828620628,pomdp_lstm_train.monitor.csv,42,90446,-618.2781659999999,-615.0249811
-614.964467,461,222.98608,0.152581958802564,0.1483819288019777,1.5960114002227783,1.5960114002227783,0,100.0,0.1618071198022236,1,-500.0,-600.0,1,100.0,2,0,2,0.1483819288019777,pomdp_lstm_train.monitor.csv,43,90907,-618.0373472,-615.3145861999999
-617.320068,495,223.686618,0.1517627099408325,0.1477095705679567,1.54019296169281,1.54019296169281,0,100.0,0.2290429432043272,1,-500.0,-600.0,1,100.0,4,0,4,0.1477095705679567,pomdp_lstm_train.monitor.csv,44,91402,-618.0650962000001,-616.3617311999999
-618.917968,516,224.417108,0.1518881802638796,0.147978136585094,1.4858165979385376,1.4858165979385376,0,100.0,0.2021863414905955,1,-500.0,-600.0,1,100.0,4,0,4,0.147978136585094,pomdp_lstm_train.monitor.csv,45,91918,-618.6078765999999,-617.2634947
-638.275207,1061,227.791781,0.1508685121916629,0.1456053542969261,2.055858373641968,2.0,1,100.0,0.4394645703073851,1,-500.0,-600.0,1,100.0,9,0,9,0.1456053542969261,pomdp_lstm_train.monitor.csv,46,92979,-621.298718,-619.9931427
-618.987491,509,228.791797,0.1504366833591641,0.148594255164315,0.7001227140426636,0.7001227140426636,0,100.0,0.1405744835684924,1,-500.0,-600.0,1,100.0,8,0,8,0.148594255164315,pomdp_lstm_train.monitor.csv,47,93488,-621.6930402,-619.9856031
-625.719539,675,230.242734,0.1549956651354007,0.1497325072406638,2.3835623264312744,2.0,1,100.0,0.0267492759336129,1,-500.0,-600.0,1,100.0,3,0,3,0.1497325072406638,pomdp_lstm_train.monitor.csv,48,94163,-623.8440545999999,-620.9407009
-520.58084,7256,251.638955,0.8489857378074575,0.8528064394661832,-1.6087164878845217,-1.6087164878845217,0,0.0,0.0,0,-500.0,-500.0,0,0.0,3,0,3,0.1798006204324772,pomdp_lstm_train.monitor.csv,49,101419,-604.496209,-611.2806526
-448.919951,9659,275.798561,0.848769411315726,0.8514701811871993,-1.1371662616729736,-1.1371662616729736,0,0.0,0.0,0,-500.0,-500.0,0,0.0,0,0,0,0.4180199880258721,pomdp_lstm_train.monitor.csv,50,111078,-570.4966056000001,-594.5522411
-75.339872,16854,314.002393,0.8444681558509405,0.8528102143605287,-3.5124456882476807,-3.5124456882476807,0,0.0,0.0,0,-500.0,-500.0,0,0.0,0,0,0,0.2446598835509564,pomdp_lstm_train.monitor.csv,51,127932,-457.9095386,-539.6041283000001
988.695235,26279,382.95918,0.5648113602495967,0.561204706722387,1.3705283403396606,1.3705283403396606,0,0.0,0.0,0,0.0164423349497494,0.0164423349497494,0,0.0,0,0,0,0.2287898133588752,pomdp_lstm_train.monitor.csv,52,154211,-136.3729934,-379.0330168
1110.255306,26279,444.728314,0.3990746908117376,0.3975351886365069,0.585010826587677,0.585010826587677,0,0.0,0.0,0,-0.009935595354507,-0.009935595354507,0,0.0,0,0,0,0.2224510906615241,pomdp_lstm_train.monitor.csv,53,180490,210.82197560000003,-206.51103949999998
-603.022694,299,445.172236,0.1509909329918261,0.1493737789833622,0.6145185232162476,0.6145185232162476,0,100.0,0.0626221016637729,1,-500.0,-600.0,1,100.0,4,0,4,0.1493737789833622,pomdp_lstm_train.monitor.csv,54,180789,194.33360480000005,-205.0813021
-603.360693,301,445.620993,0.1518705112393943,0.1499029757185396,0.7476634979248047,0.7476634979248047,0,100.0,0.0097024281460383,1,-500.0,-600.0,1,100.0,0,0,0,0.1499029757185396,pomdp_lstm_train.monitor.csv,55,181090,163.44545640000004,-203.52557459999997
-603.625883,305,446.056617,0.1504033357232417,0.1470535575102427,1.2729157209396362,1.2729157209396362,0,100.0,0.2946442489757284,1,-500.0,-600.0,1,100.0,0,0,0,0.1470535575102427,pomdp_lstm_train.monitor.csv,56,181395,57.788254200000026,-200.0606422
-609.914548,387,446.608274,0.1527083840013334,0.1481123121933717,1.7465072870254517,1.7465072870254517,0,100.0,0.1887687806628291,1,-500.0,-600.0,1,100.0,2,0,2,0.1481123121933717,pomdp_lstm_train.monitor.csv,57,181782,-261.93370239999996,-199.1533479
-604.429644,314,447.067135,0.1512606390151929,0.1495286892842696,0.6581408977508545,0.6581408977508545,0,100.0,0.0471310715730366,1,-500.0,-600.0,1,100.0,0,0,0,0.1495286892842696,pomdp_lstm_train.monitor.csv,58,182096,-604.8706924,-197.02435839999998
-603.753029,308,449.335012,0.1502438644870722,0.147729067351669,0.9556229114532472,0.9556229114532472,0,100.0,0.2270932648331003,1,-500.0,-600.0,1,100.0,0,0,0,0.147729067351669,pomdp_lstm_train.monitor.csv,59,182404,-605.0167594,-205.34157729999998
-603.860081,303,449.920678,0.1520040511878106,0.1492472654687924,1.0475785732269287,1.0475785732269287,0,100.0,0.0752734531207555,1,-500.0,-600.0,1,100.0,0,0,0,0.1492472654687924,pomdp_lstm_train.monitor.csv,60,182707,-605.116637,-220.83559029999998
-615.951329,484,450.921894,0.1505706648484954,0.1493588430508484,0.4604922831058502,0.4604922831058502,0,100.0,0.0641156949151539,1,-500.0,-600.0,1,100.0,2,0,2,0.1493588430508484,pomdp_lstm_train.monitor.csv,61,183191,-607.5817261999999,-274.896736
-604.772443,315,451.556672,0.1537410530573565,0.1484778951626196,2.3237855434417725,2.0,1,100.0,0.1522104837380328,1,-500.0,-600.0,1,100.0,3,0,3,0.1484778951626196,pomdp_lstm_train.monitor.csv,62,183506,-606.5533051999998,-434.2435038
-609.421334,383,452.333037,0.1545083893526737,0.1497789665826252,1.7971806526184082,1.7971806526184082,0,100.0,0.0221033417374727,1,-500.0,-600.0,1,100.0,2,0,2,0.1497789665826252,pomdp_lstm_train.monitor.csv,63,183889,-607.5516432,-606.2111678
-609.598404,383,453.012132,0.1522788487967886,0.1470156909020518,2.0402979850769043,2.0,1,100.0,0.2984309097948168,1,-500.0,-600.0,1,100.0,2,0,2,0.1470156909020518,pomdp_lstm_train.monitor.csv,64,184272,-608.7207182,-606.8687388
-608.969145,379,454.941013,0.1502452305024121,0.1464379166837315,1.4467792510986328,1.4467792510986328,0,100.0,0.3562083316268477,1,-500.0,-600.0,1,100.0,1,0,1,0.1464379166837315,pomdp_lstm_train.monitor.csv,65,184651,-609.7425310000001,-607.429584
-609.398712,380,455.499157,0.1536295518568274,0.1490468067063115,1.741443157196045,1.741443157196045,0,100.0,0.0953193293688425,1,-500.0,-600.0,1,100.0,1,0,1,0.1490468067063115,pomdp_lstm_train.monitor.csv,66,185031,-608.4320075999999,-608.0068669
-609.154414,379,456.022225,0.1510204908240488,0.1498862547455355,0.4310097098350525,0.4310097098350525,0,100.0,0.0113745254464475,1,-500.0,-600.0,1,100.0,1,0,1,0.1498862547455355,pomdp_lstm_train.monitor.csv,67,185410,-609.3084018,-607.9308535
-609.238764,378,456.563656,0.1507993935817166,0.1498915045731946,0.3449978232383728,0.3449978232383728,0,100.0,0.0108495426805382,1,-500.0,-600.0,1,100.0,3,0,3,0.1498915045731946,pomdp_lstm_train.monitor.csv,68,185788,-609.2718878,-608.4117655
-610.96497,406,457.109715,0.1540407995041455,0.1487776416094087,2.0103883743286133,2.0,1,100.0,0.122235839059126,1,-500.0,-600.0,1,100.0,1,0,1,0.1487776416094087,pomdp_lstm_train.monitor.csv,69,186194,-609.5452009999999,-609.1329596
-610.907665,408,459.062777,0.1507110086684361,0.1493182617556304,0.5292438268661499,0.5292438268661499,0,100.0,0.0681738244369511,1,-500.0,-600.0,1,100.0,0,0,0,0.1493182617556304,pomdp_lstm_train.monitor.csv,70,186602,-609.9329049999999,-609.837718
-610.77877,408,459.663148,0.1500633960687065,0.1471848455894199,1.0938491821289062,1.0938491821289062,0,100.0,0.2815154410580028,1,-500.0,-600.0,1,100.0,0,0,0,0.1471848455894199,pomdp_lstm_train.monitor.csv,71,187010,-610.2089166,-609.3204621
-610.316171,398,460.216951,0.1504771281825869,0.1488701998214973,0.6106327772140503,0.6106327772140503,0,100.0,0.1129800178502699,1,-500.0,-600.0,1,100.0,1,0,1,0.1488701998214973,pomdp_lstm_train.monitor.csv,72,187408,-610.4412679999999,-609.8748349
-604.573294,315,460.649526,0.1520593795782741,0.1485540398302931,1.332029104232788,1.332029104232788,0,100.0,0.1445960169706855,1,-500.0,-600.0,1,100.0,1,0,1,0.1485540398302931,pomdp_lstm_train.monitor.csv,73,187723,-609.5081739999999,-609.3900308999999
-609.136278,380,461.180385,0.1514105536800222,0.1496185510146531,0.680961012840271,0.680961012840271,0,100.0,0.0381448985346893,1,-500.0,-600.0,1,100.0,3,0,3,0.1496185510146531,pomdp_lstm_train.monitor.csv,74,188103,-609.1424356,-609.3438183000001
-630.778267,981,464.421544,0.1541414079646524,0.1494223582850468,1.793238878250122,1.793238878250122,0,100.0,0.0577641714953114,1,-500.0,-600.0,1,100.0,6,0,6,0.1494223582850468,pomdp_lstm_train.monitor.csv,75,189084,-613.1165560000001,-611.5247305
-617.261385,499,465.423712,0.1504316122559831,0.1477025935175878,1.03702712059021,1.03702712059021,0,100.0,0.2297406482412167,1,-500.0,-600.0,1,100.0,1,0,1,0.1477025935175878,pomdp_lstm_train.monitor.csv,76,189583,-614.4130789999999,-612.3109978
-614.765632,467,466.278504,0.1503025130058984,0.14773595802035,0.9752908945083618,0.9752908945083618,0,100.0,0.2264041979649911,1,-500.0,-600.0,1,100.0,5,0,5,0.14773595802035,pomdp_lstm_train.monitor.csv,77,190050,-615.3029712,-612.8721195999999
-611.08989,411,467.141343,0.1516621108194817,0.1490170436547092,1.0051255226135254,1.0051255226135254,0,100.0,0.0982956345290747,1,-500.0,-600.0,1,100.0,2,0,2,0.1490170436547092,pomdp_lstm_train.monitor.csv,78,190461,-616.6062904,-613.0572322
-379.08322,9947,498.579958,0.847879324660043,0.8536608595106404,-2.434330463409424,-2.434330463409424,0,0.0,0.0,0,-500.0,-500.0,0,0.0,2,0,2,0.1606421679053946,pomdp_lstm_train.monitor.csv,79,200408,-570.5956788,-589.8690571999999
-418.229794,9091,519.522181,0.8498569107549727,0.8512929722490251,-0.6046574711799622,-0.6046574711799622,0,0.0,0.0,0,-500.0,-500.0,0,0.0,0,0,0,0.2568528739779109,pomdp_lstm_train.monitor.csv,80,209499,-528.0859842,-570.6012701000001
-453.24385,8127,538.075964,0.848823857902478,0.8541298269619454,-2.234092235565185,-2.234092235565185,0,0.0,0.0,0,-500.0,-500.0,0,0.0,0,0,0,0.2935763988797799,pomdp_lstm_train.monitor.csv,81,217626,-495.2824772,-554.8477781
-421.602402,8994,558.772535,0.8462637193468133,0.8503209213581602,-1.7082955837249756,-1.7082955837249756,0,0.0,0.0,0,-500.0,-500.0,0,0.0,0,0,0,0.3954523996054431,pomdp_lstm_train.monitor.csv,82,226620,-456.6498312,-535.9764011999999
-347.359638,10529,582.229939,0.8484803276882807,0.8535612769947688,-2.139347076416016,-2.139347076416016,0,0.0,0.0,0,-500.0,-500.0,0,0.0,0,0,0,0.3879533816862508,pomdp_lstm_train.monitor.csv,83,237149,-403.9037808,-510.2550356
-231.39395,12928,621.55868,0.8478808649327041,0.8504668605174305,-1.0888402462005615,-1.0888402462005615,0,0.0,0.0,0,-500.0,-500.0,0,0.0,0,0,0,0.3335118893396703,pomdp_lstm_train.monitor.csv,84,250077,-374.3659268,-472.48080280000005
1131.616919,26279,681.012223,0.4048111326451041,0.402248931935711,0.973636269569397,0.973636269569397,0,0.0,0.0,0,0.0031145717900402,0.0031145717900402,0,0.0,0,0,0,0.2459184680298431,pomdp_lstm_train.monitor.csv,85,276356,-64.39658419999996,-296.2412842
1173.801798,26279,749.713514,0.3601510448642641,0.3581055433309566,0.7772905826568604,0.7772905826568604,0,0.0,0.0,0,-0.0034787794137821,-0.0034787794137821,0,0.0,0,0,0,0.1754285295725828,pomdp_lstm_train.monitor.csv,86,302635,261.0125454,-117.13496590000003
1220.279996,26279,810.560966,0.3864333715072812,0.3811693258170459,2.0003373622894287,2.0003373622894287,0,0.0,0.0,0,0.0375915241086665,0.0375915241086665,0,0.0,0,0,0,0.1885646378006422,pomdp_lstm_train.monitor.csv,87,328914,589.3890250000001,66.3695969
419.680781,22288,868.921455,0.1502613944662964,0.1466508553436647,1.3720048666000366,1.3720048666000366,0,100.0,0.3349144656335262,1,-500.0,-600.0,1,100.0,5,0,5,0.1466508553436647,pomdp_lstm_train.monitor.csv,88,351202,742.7971088,169.446664
408.144689,21617,919.502882,0.154087292094286,0.1491930395807017,1.8598159551620483,1.8598159551620483,0,100.0,0.0806960419298286,1,-500.0,-600.0,1,100.0,25,0,25,0.1491930395807017,pomdp_lstm_train.monitor.csv,89,372819,870.7048366000001,248.16945490000003
-597.550264,194,919.778004,0.1504833616251613,0.1479172953977001,0.9751051664352416,0.9751051664352416,0,100.0,0.2082704602299812,1,-500.0,-600.0,1,100.0,1,0,1,0.1479172953977001,pomdp_lstm_train.monitor.csv,90,373013,524.8714,230.23740790000002
-598.159447,213,920.083498,0.1502896280278896,0.1450264701331527,2.096386194229126,2.0,1,100.0,0.4973529866847237,1,-500.0,-600.0,1,100.0,1,0,1,0.1450264701331527,pomdp_lstm_train.monitor.csv,91,373226,170.47915100000006,215.7458482
-598.029485,209,920.385132,0.1510598869658026,0.1482560151459551,1.0654712915420532,1.0654712915420532,0,100.0,0.1743984854044894,1,-500.0,-600.0,1,100.0,1,0,1,0.1482560151459551,pomdp_lstm_train.monitor.csv,92,373435,-193.18274519999994,198.10313990000003
-597.555066,199,920.659013,0.1507291321236835,0.1477316841812508,1.1390302181243896,1.1390302181243896,0,100.0,0.2268315818749117,1,-500.0,-600.0,1,100.0,1,0,1,0.1477316841812508,pomdp_lstm_train.monitor.csv,93,373634,-396.62991459999995,173.0835971
-597.600502,198,920.938201,0.1534814802161174,0.1499360939895637,1.347246766090393,1.347246766090393,0,100.0,0.0063906010436265,1,-500.0,-600.0,1,100.0,3,0,3,0.1499360939895637,pomdp_lstm_train.monitor.csv,94,373832,-597.7789528000001,136.46294189999998
-598.154131,212,921.254809,0.1514338332226404,0.1490759801362692,0.8959841728210449,0.8959841728210449,0,100.0,0.0924019863730724,1,-500.0,-600.0,1,100.0,1,0,1,0.1490759801362692,pomdp_lstm_train.monitor.csv,95,374044,-597.8997262,-36.514163100000005
-597.527731,197,921.532923,0.1507726932998353,0.1486758422081995,0.7968034148216248,0.7968034148216248,0,100.0,0.1324157791800478,1,-500.0,-600.0,1,100.0,0,0,0,0.1486758422081995,pomdp_lstm_train.monitor.csv,96,374241,-597.773383,-213.647116
-597.712108,208,921.897636,0.1502922174754113,0.148409162127266,0.715561032295227,0.715561032295227,0,100.0,0.1590837872734007,1,-500.0,-600.0,1,100.0,0,0,0,0.148409162127266,pomdp_lstm_train.monitor.csv,97,374449,-597.7099075999998,-395.4463264
-597.346576,195,922.302901,0.1512888774960058,0.1489101132179955,0.9039304256439208,0.9039304256439208,0,100.0,0.1089886782004445,1,-500.0,-600.0,1,100.0,3,0,3,0.1489101132179955,pomdp_lstm_train.monitor.csv,98,374644,-597.6682096,-497.1490621
-597.767137,203,924.639866,0.1517059207456678,0.1493200799846336,0.9066194891929626,0.9066194891929626,0,100.0,0.0679920015366319,1,-500.0,-600.0,1,100.0,0,0,0,0.1493200799846336,pomdp_lstm_train.monitor.csv,99,374847,-597.7015365999999,-597.7402447000001
-598.3555,214,925.044276,0.1529176419281254,0.1493529020734132,1.3546011447906494,1.3546011447906494,0,100.0,0.0647097926586764,1,-500.0,-600.0,1,100.0,0,0,0,0.1493529020734132,pomdp_lstm_train.monitor.csv,100,375061,-597.7418104,-597.8207683
-597.852404,205,925.456936,0.1503464634287122,0.1494587930999696,0.3373147249221802,0.3373147249221802,0,100.0,0.0541206900030316,1,-500.0,-600.0,1,100.0,0,0,0,0.1494587930999696,pomdp_lstm_train.monitor.csv,101,375266,-597.8067450000001,-597.790064
-597.874106,201,925.908211,0.1501986165536865,0.1480584038672482,0.8132808208465576,0.8132808208465576,0,100.0,0.1941596132751716,1,-500.0,-600.0,1,100.0,2,0,2,0.1480584038672482,pomdp_lstm_train.monitor.csv,102,375467,-597.8391445999999,-597.7745261
-598.298347,213,926.388073,0.150615131136226,0.1491584743978945,0.5535295605659485,0.5535295605659485,0,100.0,0.084152560210543,1,-500.0,-600.0,1,100.0,1,0,1,0.1491584743978945,pomdp_lstm_train.monitor.csv,103,375680,-598.0294987999999,-597.8488541999999
-598.083393,212,926.737583,0.1505296385024526,0.1475045365145135,1.14953875541687,1.14953875541687,0,100.0,0.2495463485486432,1,-500.0,-600.0,1,100.0,0,0,0,0.1475045365145135,pomdp_lstm_train.monitor.csv,104,375892,-598.09275,-597.8971433
-597.965378,204,927.015,0.1524868378347085,0.1474835997966956,1.9012304544448853,1.9012304544448853,0,100.0,0.2516400203304347,1,-500.0,-600.0,1,100.0,0,0,0,0.1474835997966956,pomdp_lstm_train.monitor.csv,105,376096,-598.0147256,-597.878268
-597.82468,203,927.298213,0.1501573815845739,0.1460669893087135,1.554349064826965,1.554349064826965,0,100.0,0.3933010691286459,1,-500.0,-600.0,1,100.0,0,0,0,0.1460669893087135,pomdp_lstm_train.monitor.csv,106,376299,-598.0091808,-597.9079629
-597.605158,198,927.583323,0.1535822674617367,0.1488387390956478,1.8025407791137693,1.8025407791137693,0,100.0,0.1161260904352146,1,-500.0,-600.0,1,100.0,0,0,0,0.1488387390956478,pomdp_lstm_train.monitor.csv,107,376497,-597.9553911999999,-597.8972679000001
-597.879054,204,927.885987,0.1529199114878121,0.1495020061069608,1.2988040447235107,1.2988040447235107,0,100.0,0.0497993893039172,1,-500.0,-600.0,1,100.0,0,0,0,0.1495020061069608,pomdp_lstm_train.monitor.csv,108,376701,-597.8715325999999,-597.9505157000001
-597.862149,207,929.56172,0.1508508913965015,0.1499672047755634,0.3358009159564972,0.3358009159564972,0,100.0,0.0032795224436582,1,-500.0,-600.0,1,100.0,0,0,0,0.1499672047755634,pomdp_lstm_train.monitor.csv,109,376908,-597.8272837999999,-597.9600168999999
-597.75704,205,929.868662,0.1528687043547459,0.1479772617295997,1.858748197555542,1.858748197555542,0,100.0,0.2022738270400254,1,-500.0,-600.0,1,100.0,1,0,1,0.1479772617295997,pomdp_lstm_train.monitor.csv,110,377113,-597.7856162,-597.9001709
-598.376841,215,930.18994,0.150506963284784,0.148290453672801,0.8422736525535583,0.8422736525535583,0,100.0,0.1709546327198968,1,-500.0,-600.0,1,100.0,1,0,1,0.148290453672801,pomdp_lstm_train.monitor.csv,111,377328,-597.8960483999999,-597.9526146
-597.307517,196,930.488131,0.1523758040814612,0.1486342141086138,1.4218041896820068,1.4218041896820068,0,100.0,0.1365785891386112,1,-500.0,-600.0,1,100.0,0,0,0,0.1486342141086138,pomdp_lstm_train.monitor.csv,112,377524,-597.8365201999999,-597.8959557
-597.951353,205,930.808746,0.1516853257562767,0.1464221678615398,2.189969539642334,2.0,1,100.0,0.3577832138460135,1,-500.0,-600.0,1,100.0,1,0,1,0.1464221678615398,pomdp_lstm_train.monitor.csv,113,377729,-597.8509799999999,-597.8612562999999
-597.802842,206,931.112164,0.1510421495437621,0.1490930371911901,0.740662693977356,0.740662693977356,0,100.0,0.0906962808809891,1,-500.0,-600.0,1,100.0,1,0,1,0.1490930371911901,pomdp_lstm_train.monitor.csv,114,377935,-597.8391186,-597.8332012
-598.291654,214,931.44208,0.1508128762209888,0.1462975150625175,1.7158372402191162,1.7158372402191162,0,100.0,0.3702484937482486,1,-500.0,-600.0,1,100.0,0,0,0,0.1462975150625175,pomdp_lstm_train.monitor.csv,115,378149,-597.9460413999999,-597.8658287999999
-598.102507,207,931.746981,0.1501153947446787,0.1468582901470851,1.2376997470855713,1.2376997470855713,0,100.0,0.314170985291487,1,-500.0,-600.0,1,100.0,1,0,1,0.1468582901470851,pomdp_lstm_train.monitor.csv,116,378356,-597.8911745999999,-597.8936115
-597.568363,197,932.039744,0.1509610106588193,0.1471280756267277,1.4565153121948242,1.4565153121948242,0,100.0,0.28719243732723,1,-500.0,-600.0,1,100.0,1,0,1,0.1471280756267277,pomdp_lstm_train.monitor.csv,117,378553,-597.9433438,-597.8899319999999
-598.307661,212,932.34105,0.1514349391519237,0.149314045742546,0.8059394955635071,0.8059394955635071,0,100.0,0.0685954257453935,1,-500.0,-600.0,1,100.0,0,0,0,0.149314045742546,pomdp_lstm_train.monitor.csv,118,378765,-598.0146053999999,-597.9327926999999
-598.762209,216,934.02563,0.1530349429502688,0.1490535111021443,1.5129441022872925,1.5129441022872925,0,100.0,0.0946488897855674,1,-500.0,-600.0,1,100.0,0,0,0,0.1490535111021443,pomdp_lstm_train.monitor.csv,119,378981,-598.2064788,-598.0227987000001
-597.929941,207,934.320544,0.1509234936681428,0.1492868892523998,0.6219096779823303,0.6219096779823303,0,100.0,0.0713110747600109,1,-500.0,-600.0,1,100.0,0,0,0,0.1492868892523998,pomdp_lstm_train.monitor.csv,120,379188,-598.1341362,-598.0400888
-597.622543,196,934.627313,0.1527862884968909,0.1484661905861604,1.6416372060775757,1.6416372060775757,0,100.0,0.1533809413839515,1,-500.0,-600.0,1,100.0,0,0,0,0.1484661905861604,pomdp_lstm_train.monitor.csv,121,379384,-598.0381433999999,-597.964659
-597.859237,204,934.941482,0.1507217770211497,0.14733768755124,1.2859539985656738,1.2859539985656738,0,100.0,0.2662312448759918,1,-500.0,-600.0,1,100.0,0,0,0,0.14733768755124,pomdp_lstm_train.monitor.csv,122,379588,-598.0963181999999,-598.019831
-598.547036,216,935.252093,0.1502873436502722,0.1483964208027251,0.7185506820678711,0.7185506820678711,0,100.0,0.1603579197274829,1,-500.0,-600.0,1,100.0,0,0,0,0.1483964208027251,pomdp_lstm_train.monitor.csv,123,379804,-598.1441932,-598.0793993
-598.168219,210,935.586585,0.1502813503419688,0.1497472245715756,0.2029677927494049,0.2029677927494049,0,100.0,0.0252775428424362,1,-500.0,-600.0,1,100.0,0,0,0,0.1497472245715756,pomdp_lstm_train.monitor.csv,124,380014,-598.0253951999999,-598.1159369999999
-598.124397,210,935.882502,0.1506759072342197,0.147617416920238,1.162226319313049,1.162226319313049,0,100.0,0.238258307976194,1,-500.0,-600.0,1,100.0,0,0,0,0.147617416920238,pomdp_lstm_train.monitor.csv,125,380224,-598.0642863999999,-598.0992113
-598.169449,209,936.190217,0.1500734907947479,0.1493926026250577,0.2587375044822693,0.2587375044822693,0,100.0,0.0607397374942225,1,-500.0,-600.0,1,100.0,1,0,1,0.1493926026250577,pomdp_lstm_train.monitor.csv,126,380433,-598.1736675999999,-598.1059055
-597.828183,205,936.476624,0.1509316377401549,0.1489224837466487,0.7634785175323486,0.7634785175323486,0,100.0,0.1077516253351285,1,-500.0,-600.0,1,100.0,0,0,0,0.1489224837466487,pomdp_lstm_train.monitor.csv,127,380638,-598.1674568,-598.1318875
-598.085697,211,936.89066,0.1524753089852653,0.1489788296245845,1.3286621570587158,1.3286621570587158,0,100.0,0.1021170375415464,1,-500.0,-600.0,1,100.0,1,0,1,0.1489788296245845,pomdp_lstm_train.monitor.csv,128,380849,-598.0751889999999,-598.1096911000001
-603.802271,315,939.402203,0.1520820143462992,0.1482984470180971,1.4377555847167969,1.4377555847167969,0,100.0,0.1701552981902832,1,-500.0,-600.0,1,100.0,0,0,0,0.1482984470180971,pomdp_lstm_train.monitor.csv,129,381164,-599.2019994,-598.6136973
-599.216829,221,939.814053,0.1528041232460131,0.149999722827079,1.0656721591949463,1.0656721591949463,0,100.0,2.7717292092055423e-05,1,-500.0,-600.0,1,100.0,0,0,0,0.149999722827079,pomdp_lstm_train.monitor.csv,130,381385,-599.4204857999999,-598.7423861
-602.879033,310,940.436,0.1513196588023322,0.1497114994484736,0.6111005544662476,0.6111005544662476,0,100.0,0.0288500551526349,1,-500.0,-600.0,1,100.0,1,0,1,0.1497114994484736,pomdp_lstm_train.monitor.csv,131,381695,-600.3624026,-599.2680351
-598.833183,219,940.890184,0.1511720905003972,0.1490909977788597,0.7908152341842651,0.7908152341842651,0,100.0,0.0909002221140264,1,-500.0,-600.0,1,100.0,2,0,2,0.1490909977788597,pomdp_lstm_train.monitor.csv,132,381914,-600.5634026,-599.3654297
-598.397161,215,941.328441,0.152076766747001,0.1493066653503399,1.0526385307312012,1.0526385307312012,0,100.0,0.0693334649660037,1,-500.0,-600.0,1,100.0,1,0,1,0.1493066653503399,pomdp_lstm_train.monitor.csv,133,382129,-600.6256953999999,-599.3504422
-603.511502,313,941.810016,0.1517241254425368,0.1489471089659559,1.055266261100769,1.055266261100769,0,100.0,0.1052891034044101,1,-500.0,-600.0,1,100.0,1,0,1,0.1489471089659559,pomdp_lstm_train.monitor.csv,134,382442,-600.5675416,-599.8847705000001
-597.89912,210,942.102002,0.1513858185675191,0.1478287495168808,1.3516862392425537,1.3516862392425537,0,100.0,0.2171250483119113,1,-500.0,-600.0,1,100.0,0,0,0,0.1478287495168808,pomdp_lstm_train.monitor.csv,135,382652,-600.3039998,-599.8622428
-598.030277,203,942.400535,0.1519585945325855,0.149924152641116,0.7730879187583923,0.7730879187583923,0,100.0,0.007584735888394,1,-500.0,-600.0,1,100.0,0,0,0,0.149924152641116,pomdp_lstm_train.monitor.csv,136,382855,-599.3342485999999,-599.8483256
-615.044668,490,944.434978,0.1501097766048711,0.1494647360410242,0.2451154142618179,0.2451154142618179,0,100.0,0.0535263958975767,1,-500.0,-600.0,1,100.0,0,0,0,0.1494647360410242,pomdp_lstm_train.monitor.csv,137,383345,-602.5765456,-601.5699741000001
-609.352623,406,945.018408,0.15051514051438,0.1486178062461614,0.7209870219230652,0.7209870219230652,0,100.0,0.1382193753838523,1,-500.0,-600.0,1,100.0,0,0,0,0.1486178062461614,pomdp_lstm_train.monitor.csv,138,383751,-604.7676379999999,-602.6966666999999
-614.68543,483,945.696909,0.1502707403965883,0.1470559613709584,1.22161602973938,1.22161602973938,0,100.0,0.2944038629041606,1,-500.0,-600.0,1,100.0,1,0,1,0.1470559613709584,pomdp_lstm_train.monitor.csv,139,384234,-607.0024235999999,-603.7849825999999
-615.363729,497,946.384883,0.1503263699644686,0.1499385122669566,0.1473859250545501,0.1473859250545501,0,100.0,0.0061487733043347,1,-500.0,-600.0,1,100.0,0,0,0,0.1499385122669566,pomdp_lstm_train.monitor.csv,140,384731,-610.4953453999999,-605.3996726
-615.001585,488,948.436,0.1518459229729578,0.149694042834159,0.8177144527435303,0.8177144527435303,0,100.0,0.0305957165840919,1,-500.0,-600.0,1,100.0,1,0,1,0.149694042834159,pomdp_lstm_train.monitor.csv,141,385219,-613.889607,-606.6119278
-615.558009,501,949.125444,0.1513822997293784,0.1493443378699263,0.7744255065917969,0.7744255065917969,0,100.0,0.0655662130073647,1,-500.0,-600.0,1,100.0,0,0,0,0.1493443378699263,pomdp_lstm_train.monitor.csv,142,385720,-613.9922752,-608.2844104
-615.904275,504,949.862803,0.1511343205234916,0.1498348197443898,0.4938102960586548,0.4938102960586548,0,100.0,0.0165180255610131,1,-500.0,-600.0,1,100.0,0,0,0,0.1498348197443898,pomdp_lstm_train.monitor.csv,143,386224,-615.3026055999999,-610.0351218
-615.829455,499,950.534026,0.1508142645957536,0.1492890487127495,0.5795820355415344,0.5795820355415344,0,100.0,0.0710951287250433,1,-500.0,-600.0,1,100.0,0,0,0,0.1492890487127495,pomdp_lstm_train.monitor.csv,144,386723,-615.5314106,-611.2669171
-615.921501,501,953.083842,0.1505409746075929,0.1487307862513941,0.6878715753555298,0.6878715753555298,0,100.0,0.1269213748605863,1,-500.0,-600.0,1,100.0,2,0,2,0.1487307862513941,pomdp_lstm_train.monitor.csv,145,387224,-615.642965,-613.0691552000001
-633.968941,1068,955.13735,0.1520850811522383,0.1498523388426679,0.8484420776367188,0.8484420776367188,0,100.0,0.0147661157332029,1,-500.0,-600.0,1,100.0,0,0,0,0.1498523388426679,pomdp_lstm_train.monitor.csv,146,388292,-619.4364362,-616.6630216000001
537.524628,23540,1017.110566,0.15285791096292,0.1492942684610889,1.3541841506958008,1.3541841506958008,0,100.0,0.0705731538911014,1,-500.0,-600.0,1,100.0,4,0,4,0.1492942684610889,pomdp_lstm_train.monitor.csv,147,411832,-388.81990879999995,-501.406092
578.728944,24118,1070.762659,0.151170490132314,0.1477431223572503,1.302399754524231,1.302399754524231,0,100.0,0.2256877642749705,1,-500.0,-600.0,1,100.0,9,0,9,0.1477431223572503,pomdp_lstm_train.monitor.csv,148,435950,-149.89326499999999,-382.5979353
-603.075581,313,1073.325905,0.1516840526172645,0.1490456661920454,1.002586841583252,1.002586841583252,0,100.0,0.0954333807954566,1,-500.0,-600.0,1,100.0,0,0,0,0.1490456661920454,pomdp_lstm_train.monitor.csv,149,436263,-147.3424902,-381.4369504
-608.535969,395,1074.091997,0.1508428402112452,0.1496703968495864,0.4455284774303436,0.4455284774303436,0,100.0,0.0329603150413554,1,-500.0,-600.0,1,100.0,3,0,3,0.1496703968495864,pomdp_lstm_train.monitor.csv,150,436658,-145.86538379999996,-380.7541744
-602.264442,302,1074.515879,0.1501912611544527,0.1474623973881338,1.036968231201172,1.036968231201172,0,100.0,0.2537602611866141,1,-500.0,-600.0,1,100.0,0,0,0,0.1474623973881338,pomdp_lstm_train.monitor.csv,151,436960,-139.52448399999997,-379.48046009999996
-603.554293,318,1074.951758,0.1508262526100792,0.1477158168481757,1.1819655895233154,1.1819655895233154,0,100.0,0.2284183151824215,1,-500.0,-600.0,1,100.0,0,0,0,0.1477158168481757,pomdp_lstm_train.monitor.csv,152,437278,-367.7402682,-378.28008850000003
-609.064819,403,1075.551019,0.150949336921588,0.1495775840195068,0.5212661027908325,0.5212661027908325,0,100.0,0.0422415980493112,1,-500.0,-600.0,1,100.0,1,0,1,0.1495775840195068,pomdp_lstm_train.monitor.csv,153,437681,-605.2990207999999,-377.5961429
-609.661047,412,1076.105012,0.1502604283311063,0.1490732078016002,0.4511438012123108,0.4511438012123108,0,100.0,0.0926792198399778,1,-500.0,-600.0,1,100.0,0,0,0,0.1490732078016002,pomdp_lstm_train.monitor.csv,154,438093,-606.616114,-376.9793021
-614.45539,486,1078.1456,0.1517647820207243,0.1492295651182927,0.9633824229240416,0.9633824229240416,0,100.0,0.0770434881707304,1,-500.0,-600.0,1,100.0,0,0,0,0.1492295651182927,pomdp_lstm_train.monitor.csv,155,438579,-607.7999981999999,-376.832691
-615.016556,493,1078.83485,0.1509331833047698,0.1488891828673847,0.7767201662063599,0.7767201662063599,0,100.0,0.1110817132615293,1,-500.0,-600.0,1,100.0,0,0,0,0.1488891828673847,pomdp_lstm_train.monitor.csv,156,439072,-610.350421,-374.9374525
-615.492296,502,1079.566584,0.1506030634973984,0.1479150060120188,1.021461844444275,1.021461844444275,0,100.0,0.2084993987981204,1,-500.0,-600.0,1,100.0,0,0,0,0.1479150060120188,pomdp_lstm_train.monitor.csv,157,439574,-612.7380215999999,-490.23914490000004
-148.187624,12738,1117.063922,0.8473212694147906,0.850691042564281,-1.4188518524169922,-1.4188518524169922,0,0.0,0.0,0,-500.0,-500.0,0,0.0,0,0,0,0.1533917961185797,pomdp_lstm_train.monitor.csv,158,452312,-520.5625825999999,-562.9308017000001
-368.16697,9091,1138.563197,0.8498320451548441,0.850752642588888,-0.3876199722290039,-0.3876199722290039,0,0.0,0.0,0,-500.0,-500.0,0,0.0,0,0,0,0.1805999053081888,pomdp_lstm_train.monitor.csv,159,461403,-472.26376719999996,-539.4399406
-371.468246,9085,1159.102294,0.8432294193345329,0.852172381772401,-3.76545786857605,-3.76545786857605,0,0.0,0.0,0,-500.0,-500.0,0,0.0,0,0,0,0.2226633734902073,pomdp_lstm_train.monitor.csv,160,470488,-423.6663384,-515.7331683
-333.969178,9760,1182.372973,0.8452916851008633,0.8536981867218711,-3.5395796298980717,-3.5395796298980717,0,0.0,0.0,0,-500.0,-500.0,0,0.0,0,0,0,0.2181698526231278,pomdp_lstm_train.monitor.csv,161,480248,-367.45686279999995,-488.9036419
-150.002209,12640,1211.218967,0.8496730077747491,0.8581436320130017,-3.5665786266326904,-3.5665786266326904,0,0.0,0.0,0,-500.0,-500.0,0,0.0,0,0,0,0.1973376400495238,pomdp_lstm_train.monitor.csv,162,492888,-274.35884539999995,-443.5484335
-614.099222,477,1211.92413,0.1514356326100071,0.1476683743674501,1.4315581321716309,1.4315581321716309,0,100.0,0.2331625632549822,1,-500.0,-600.0,1,100.0,0,0,0,0.1476683743674501,pomdp_lstm_train.monitor.csv,163,493365,-367.541165,-444.05187380000007
-609.427674,412,1213.861834,0.1512341636482527,0.1480346057666464,1.215831995010376,1.215831995010376,0,100.0,0.1965394233353512,1,-500.0,-600.0,1,100.0,0,0,0,0.1480346057666464,pomdp_lstm_train.monitor.csv,164,493777,-415.7933058,-444.0285365
-608.386407,398,1214.419072,0.1513079648193609,0.1465909366783392,1.7924706935882568,1.7924706935882568,0,100.0,0.3409063321660743,1,-500.0,-600.0,1,100.0,1,0,1,0.1465909366783392,pomdp_lstm_train.monitor.csv,165,494175,-463.17693799999995,-443.4216382000001
-602.69026,310,1214.860147,0.1510775147493149,0.1481715386044239,1.1042709350585938,1.1042709350585938,0,100.0,0.1828461395576075,1,-500.0,-600.0,1,100.0,0,0,0,0.1481715386044239,pomdp_lstm_train.monitor.csv,166,494485,-516.9211544,-442.1890086
-608.622532,397,1215.411205,0.1505967116936252,0.149907768583611,0.2617983818054199,0.2617983818054199,0,100.0,0.0092231416389004,1,-500.0,-600.0,1,100.0,2,0,2,0.149907768583611,pomdp_lstm_train.monitor.csv,167,494882,-608.645219,-441.50203220000003
-608.974804,405,1216.001203,0.1500624384974174,0.1457467833286833,1.6399489641189575,1.6399489641189575,0,100.0,0.4253216671316701,1,-500.0,-600.0,1,100.0,0,0,0,0.1457467833286833,pomdp_lstm_train.monitor.csv,168,495287,-607.6203353999999,-487.58075019999995
-614.748746,489,1218.462519,0.1509721513730716,0.1489666120875624,0.7621049284934998,0.7621049284934998,0,100.0,0.1033387912437538,1,-500.0,-600.0,1,100.0,2,0,2,0.1489666120875624,pomdp_lstm_train.monitor.csv,169,495776,-608.6845497999999,-512.2389277999999
-609.377981,410,1219.278867,0.1518249059228813,0.1490628241743205,1.049591064453125,1.049591064453125,0,100.0,0.0937175825679481,1,-500.0,-600.0,1,100.0,0,0,0,0.1490628241743205,pomdp_lstm_train.monitor.csv,170,496186,-608.8828646,-536.0299013
-614.462652,481,1220.1754,0.1514974780266019,0.1497523170830184,0.6631611585617065,0.6631611585617065,0,100.0,0.0247682916981517,1,-500.0,-600.0,1,100.0,0,0,0,0.1497523170830184,pomdp_lstm_train.monitor.csv,171,496667,-611.237343,-564.0792487
-614.814585,491,1221.109468,0.1525372337137202,0.1495984888173836,1.1167230606079102,1.1167230606079102,0,100.0,0.0401511182616387,1,-500.0,-600.0,1,100.0,0,0,0,0.1495984888173836,pomdp_lstm_train.monitor.csv,172,497158,-612.4757536,-610.5604863
-609.528609,413,1221.938122,0.1502012548546127,0.1499121348392675,0.1098656058311462,0.1098656058311462,0,100.0,0.0087865160732419,1,-500.0,-600.0,1,100.0,0,0,0,0.1499121348392675,pomdp_lstm_train.monitor.csv,173,497571,-612.5865146,-610.103425
-615.164534,502,1224.079225,0.150636290550134,0.1492262689564378,0.5358082056045532,0.5358082056045532,0,100.0,0.0773731043562181,1,-500.0,-600.0,1,100.0,0,0,0,0.1492262689564378,pomdp_lstm_train.monitor.csv,174,498073,-612.6696721999999,-610.6771110000001
-622.53987,690,1225.046396,0.150426896433664,0.1495434341144154,0.3357156813144684,0.3357156813144684,0,100.0,0.045656588558457,1,-500.0,-600.0,1,100.0,4,0,4,0.1495434341144154,pomdp_lstm_train.monitor.csv,175,498763,-615.3020499999999,-612.0924573
-615.214014,500,1225.77251,0.1534976721020709,0.1491973394052566,1.6341264247894287,1.6341264247894287,0,100.0,0.0802660594743376,1,-500.0,-600.0,1,100.0,1,0,1,0.1491973394052566,pomdp_lstm_train.monitor.csv,176,499263,-615.4523223999998,-613.3448327
-614.598904,489,1227.886709,0.1512276797221095,0.1494545505537998,0.6737890839576721,0.6737890839576721,0,100.0,0.0545449446200135,1,-500.0,-600.0,1,100.0,1,0,1,0.1494545505537998,pomdp_lstm_train.monitor.csv,177,499752,-615.4091861999999,-613.9424698999999
