#{"t_start": 1781613481.9531546, "env_id": "None"}
r,l,t,soc_before,soc_after,original_action_kw,protected_action_kw,soc_action_protection_applied,soc_fibonacci_penalty,soc_deficit_percent_below_15,soc_fibonacci_level,reward_before_soc_penalty,reward_after_soc_penalty,episode_soc_penalty_count,episode_soc_penalty_total,episode_action_protection_count,episode_action_block_count,episode_action_clip_count,episode_min_soc
-655.419542,1695,2.86231,0.15049147241554273,0.1479915094645351,0.949985921382904,0.949985921382904,0,100.0,0.20084905354648963,1,-500.0,-600.0,1,100.0,3,0,3,0.1479915094645351
-662.462959,3200,11.037707,0.1545274180785823,0.14926426018384548,2.6451315879821777,2.0,1,100.0,0.07357398161545181,1,-500.0,-600.0,1,100.0,1,0,1,0.14926426018384548
-654.343711,1450,14.537977,0.1531438328962225,0.14840650058981236,1.800186276435852,1.800186276435852,0,100.0,0.1593499410187632,1,-500.0,-600.0,1,100.0,0,0,0,0.14840650058981236
-655.339032,1542,16.74708,0.15083159112204814,0.14790865243638,1.110716700553894,1.110716700553894,0,100.0,0.20913475636200052,1,-500.0,-600.0,1,100.0,3,0,3,0.14790865243638
-653.889827,1433,21.26912,0.15119463392712246,0.1492964579785779,0.7213068604469299,0.7213068604469299,0,100.0,0.07035420214220878,1,-500.0,-600.0,1,100.0,10,0,10,0.1492964579785779
-626.692941,832,22.377965,0.15138612035211022,0.1481919786504621,1.2137738466262817,1.2137738466262817,0,100.0,0.18080213495378916,1,-500.0,-600.0,1,100.0,4,0,4,0.1481919786504621
-658.47897,1929,26.386395,0.15096735375739842,0.1457041958626616,2.084899663925171,2.0,1,100.0,0.4295804137338405,1,-500.0,-600.0,1,100.0,5,0,5,0.1457041958626616
-635.784742,1007,29.082305,0.15158878105180404,0.14743666785257004,1.5778030157089233,1.5778030157089233,0,100.0,0.25633321474299586,1,-500.0,-600.0,1,100.0,4,0,4,0.14743666785257004
-655.906099,1682,33.435961,0.15072100797163326,0.14846801200376827,0.8561384677886963,0.8561384677886963,0,100.0,0.15319879962317207,1,-500.0,-600.0,1,100.0,6,0,6,0.14846801200376827
-658.024675,2319,38.512576,0.15051438720328222,0.1494882336388291,0.3899383544921875,0.3899383544921875,0,100.0,0.05117663611708956,1,-500.0,-600.0,1,100.0,4,0,4,0.1494882336388291
-648.77709,1323,40.282217,0.1503349700266452,0.1468967730287517,1.306514859199524,1.306514859199524,0,100.0,0.31032269712482907,1,-500.0,-600.0,1,100.0,3,0,3,0.1468967730287517
-557.424325,4335,51.440601,0.8489455994244628,0.8510180771302395,-0.8726221919059753,-0.8726221919059753,0,0.0,0.0,0,-500.0,-500.0,0,0.0,0,0,0,0.29892755900221174
-522.394781,410,51.990692,0.8496650368979098,0.8501882739325883,-0.22031033039093018,-0.22031033039093018,0,0.0,0.0,0,-500.0,-500.0,0,0.0,0,0,0,0.500665281355381
-529.458403,561,52.765287,0.8491522788291683,0.8507722504695764,-0.6820933222770691,-0.6820933222770691,0,0.0,0.0,0,-500.0,-500.0,0,0.0,0,0,0,0.4998501974501108
-532.928256,628,53.591368,0.8492302710954095,0.851404640750959,-0.9155240654945374,-0.9155240654945374,0,0.0,0.0,0,-500.0,-500.0,0,0.0,0,0,0,0.49984641478544
-533.321199,638,55.843564,0.8480673251145168,0.852989598660974,-2.0725362300872803,-2.0725362300872803,0,0.0,0.0,0,-500.0,-500.0,0,0.0,0,0,0,0.48883209707548747
-536.567732,834,56.972957,0.849039512354243,0.8516538699747207,-1.1007821559906006,-1.1007821559906006,0,0.0,0.0,0,-500.0,-500.0,0,0.0,0,0,0,0.4930372729202438
-536.682438,757,57.998798,0.8499874859326778,0.8504029947393833,-0.17495107650756836,-0.17495107650756836,0,0.0,0.0,0,-500.0,-500.0,0,0.0,0,0,0,0.499786986959608
-566.133928,1997,62.867985,0.8477504993452143,0.852010004810841,-1.7934759855270386,-1.7934759855270386,0,0.0,0.0,0,-500.0,-500.0,0,0.0,0,0,0,0.4615827229546481
-570.842161,1761,67.117246,0.8482874479176189,0.8515379907222177,-1.3686496019363403,-1.3686496019363403,0,0.0,0.0,0,-500.0,-500.0,0,0.0,0,0,0,0.5018778368085622
-662.269823,3327,74.269869,0.1502699564560691,0.14884921779038798,0.5398806929588318,0.5398806929588318,0,100.0,0.11507822096120113,1,-500.0,-600.0,1,100.0,1,0,1,0.14884921779038798
-631.815783,891,75.867472,0.15146599696936844,0.1462028390746316,2.20809268951416,2.0,1,100.0,0.3797160925368387,1,-500.0,-600.0,1,100.0,4,0,4,0.1462028390746316
-644.36053,1189,79.863223,0.1505582873780323,0.1498331876199343,0.27553790807724,0.27553790807724,0,100.0,0.016681238006568955,1,-500.0,-600.0,1,100.0,1,0,1,0.1498331876199343
-656.310351,1474,83.200184,0.15124496046225283,0.14978883247986227,0.5533286333084106,0.5533286333084106,0,100.0,0.021116752013772278,1,-500.0,-600.0,1,100.0,3,0,3,0.14978883247986227
-655.751113,2565,88.533737,0.15232492726455307,0.14963158723910303,1.0234692096710205,1.0234692096710205,0,100.0,0.036841276089696895,1,-500.0,-600.0,1,100.0,5,0,5,0.14963158723910303
-557.83798,5910,102.595117,0.8487083988708314,0.8503984793198165,-0.7116128206253052,-0.7116128206253052,0,0.0,0.0,0,-500.0,-500.0,0,0.0,1,0,1,0.16926921465213948
-546.387959,991,105.989329,0.8494982796525099,0.851011453828726,-0.6371259689331055,-0.6371259689331055,0,0.0,0.0,0,-500.0,-500.0,0,0.0,0,0,0,0.49599922725832774
-511.413117,9944,137.020364,0.8498918857696316,0.8538409931930563,-1.662782073020935,-1.662782073020935,0,0.0,0.0,0,-500.0,-500.0,0,0.0,0,0,0,0.39524669843711746
596.325069,26279,197.41218,0.8111938993892646,0.8108480167335059,0.13143540918827057,0.13143540918827057,0,0.0,0.0,0,-0.025166803492360543,-0.025166803492360543,0,0.0,0,0,0,0.31433492779971045
689.261483,26279,263.611857,0.43610904214171115,0.4369002312758321,-0.333132266998291,-0.333132266998291,0,0.0,0.0,0,-0.04085260993578107,-0.04085260993578107,0,0.0,1,0,1,0.18317804375551275
-598.942614,177,263.866184,0.1526962134123436,0.1493664557721073,1.265307903289795,1.265307903289795,0,100.0,0.06335442278926906,1,-500.0,-600.0,1,100.0,2,0,2,0.1493664557721073
-599.042084,178,264.115479,0.15107727411634428,0.14748095697566466,1.366600513458252,1.366600513458252,0,100.0,0.2519043024335338,1,-500.0,-600.0,1,100.0,2,0,2,0.14748095697566466
-601.182264,213,264.551878,0.1525547032501351,0.14908815326384792,1.3172889947891235,1.3172889947891235,0,100.0,0.09118467361520777,1,-500.0,-600.0,1,100.0,2,0,2,0.14908815326384792
-600.646484,213,264.949847,0.15030417431292917,0.14504101641819234,2.362037181854248,2.0,1,100.0,0.4958983581807658,1,-500.0,-600.0,1,100.0,2,0,2,0.14504101641819234
-598.55805,173,265.257649,0.15242459846758502,0.14781952918164012,1.7499263286590576,1.7499263286590576,0,100.0,0.21804708183598698,1,-500.0,-600.0,1,100.0,1,0,1,0.14781952918164012
-599.81571,191,265.58337,0.1508083560689306,0.14554519817419376,2.0402140617370605,2.0,1,100.0,0.4454801825806237,1,-500.0,-600.0,1,100.0,2,0,2,0.14554519817419376
-599.249669,178,265.955272,0.1502887840250407,0.1480934964899756,0.8342092633247375,0.8342092633247375,0,100.0,0.19065035100243877,1,-500.0,-600.0,1,100.0,2,0,2,0.1480934964899756
-600.095796,195,268.337579,0.15055277127635347,0.14862164886040932,0.7338265180587769,0.7338265180587769,0,100.0,0.13783511395906722,1,-500.0,-600.0,1,100.0,3,0,3,0.14862164886040932
-598.431513,177,268.697142,0.15318422707974141,0.14792106918500458,2.4456443786621094,2.0,1,100.0,0.2078930814995411,1,-500.0,-600.0,1,100.0,3,0,3,0.14792106918500458
-598.970397,177,268.944704,0.15339939685837414,0.1490910978439313,1.6371536254882812,1.6371536254882812,0,100.0,0.09089021560687027,1,-500.0,-600.0,1,100.0,2,0,2,0.1490910978439313
-597.941449,169,269.162063,0.15022375308506597,0.14496059519032914,2.126591682434082,2.0,1,100.0,0.5039404809670855,1,-500.0,-600.0,1,100.0,2,0,2,0.14496059519032914
-597.581941,165,269.397482,0.1517399868276951,0.14965708463462565,0.791502833366394,0.791502833366394,0,100.0,0.03429153653743411,1,-500.0,-600.0,1,100.0,2,0,2,0.14965708463462565
-599.051885,178,269.637895,0.15241253916693787,0.14989536945296386,0.9565244913101196,0.9565244913101196,0,100.0,0.010463054703613306,1,-500.0,-600.0,1,100.0,1,0,1,0.14989536945296386
-598.14344,173,269.878733,0.15020510402576726,0.14711505556204624,1.1742184162139893,1.1742184162139893,0,100.0,0.2884944437953757,1,-500.0,-600.0,1,100.0,3,0,3,0.14711505556204624
-598.292801,172,270.108249,0.15036980905222078,0.14611029800806988,1.6186141967773438,1.6186141967773438,0,100.0,0.3889701991930117,1,-500.0,-600.0,1,100.0,3,0,3,0.14611029800806988
-599.817223,193,270.375254,0.15087504439149058,0.1469571212923743,1.4888107776641846,1.4888107776641846,0,100.0,0.3042878707625707,1,-500.0,-600.0,1,100.0,4,0,4,0.1469571212923743
-599.197152,179,270.619804,0.15282947498773122,0.1475663170929944,2.1813716888427734,2.0,1,100.0,0.2433682907005602,1,-500.0,-600.0,1,100.0,3,0,3,0.1475663170929944
-597.261152,158,270.837781,0.15112362928688516,0.14995106946088757,0.44557273387908936,0.44557273387908936,0,100.0,0.004893053911242395,1,-500.0,-600.0,1,100.0,3,0,3,0.14995106946088757
-598.966725,177,271.072991,0.15074007623431904,0.1485249031780679,0.8417657613754272,0.8417657613754272,0,100.0,0.1475096821932087,1,-500.0,-600.0,1,100.0,3,0,3,0.1485249031780679
-599.784839,190,272.695119,0.15219337354100423,0.1476163074583008,1.7392851114273071,1.7392851114273071,0,100.0,0.2383692541699206,1,-500.0,-600.0,1,100.0,1,0,1,0.1476163074583008
-599.02729,181,272.932139,0.1513686638060759,0.14906215478813156,0.8764734268188477,0.8764734268188477,0,100.0,0.09378452118684322,1,-500.0,-600.0,1,100.0,3,0,3,0.14906215478813156
-598.310374,170,273.160483,0.1528550161672021,0.14865490711203436,1.5960414409637451,1.5960414409637451,0,100.0,0.13450928879656376,1,-500.0,-600.0,1,100.0,1,0,1,0.14865490711203436
-600.746871,210,273.438972,0.154293372570782,0.14920789800437254,1.9324803352355957,1.9324803352355957,0,100.0,0.07921019956274589,1,-500.0,-600.0,1,100.0,4,0,4,0.14920789800437254
-600.277679,191,273.70273,0.15363155938234013,0.14922595954980533,1.6741279363632202,1.6741279363632202,0,100.0,0.0774040450194663,1,-500.0,-600.0,1,100.0,1,0,1,0.14922595954980533
-598.866835,177,273.928873,0.15126011387807786,0.1487358301928956,0.9592278003692627,0.9592278003692627,0,100.0,0.12641698071043928,1,-500.0,-600.0,1,100.0,1,0,1,0.1487358301928956
-597.864777,168,274.150206,0.15291381299745735,0.1493941518218801,1.3374712467193604,1.3374712467193604,0,100.0,0.06058481781198999,1,-500.0,-600.0,1,100.0,2,0,2,0.1493941518218801
-599.487531,181,274.387757,0.15339601494278773,0.14912447944582505,1.6231834888458252,1.6231834888458252,0,100.0,0.08755205541749467,1,-500.0,-600.0,1,100.0,0,0,0,0.14912447944582505
-599.201215,185,274.643376,0.15067405655592878,0.14708577192540429,1.3635481595993042,1.3635481595993042,0,100.0,0.29142280745957094,1,-500.0,-600.0,1,100.0,2,0,2,0.14708577192540429
-598.215615,176,274.898008,0.1500559439980667,0.14755095339527227,0.9518964290618896,0.9518964290618896,0,100.0,0.24490466047277226,1,-500.0,-600.0,1,100.0,2,0,2,0.14755095339527227
-597.593203,167,275.138924,0.15428559977321027,0.14929917118615005,1.8948428630828857,1.8948428630828857,0,100.0,0.07008288138499463,1,-500.0,-600.0,1,100.0,2,0,2,0.14929917118615005
-599.751568,183,276.775935,0.1515064347909863,0.14887018158463286,1.0017762184143066,1.0017762184143066,0,100.0,0.11298184153671342,1,-500.0,-600.0,1,100.0,2,0,2,0.14887018158463286
-597.485969,160,276.983769,0.15071029544160955,0.1457821990970131,1.8726766109466553,1.8726766109466553,0,100.0,0.4217800902986901,1,-500.0,-600.0,1,100.0,1,0,1,0.1457821990970131
-599.410012,182,277.218741,0.15505242791232696,0.14978927001759013,2.1808674335479736,2.0,1,100.0,0.02107299824098685,1,-500.0,-600.0,1,100.0,4,0,4,0.14978927001759013
-600.218085,205,277.493812,0.15255175346587033,0.14792486887993764,1.758216142654419,1.758216142654419,0,100.0,0.20751311200623568,1,-500.0,-600.0,1,100.0,3,0,3,0.14792486887993764
-596.951635,150,277.712868,0.1527814837389282,0.14751832584419136,2.295741081237793,2.0,1,100.0,0.2481674155808633,1,-500.0,-600.0,1,100.0,2,0,2,0.14751832584419136
-599.676846,187,277.985562,0.15296197346014606,0.14962796694986324,1.2669224739074707,1.2669224739074707,0,100.0,0.03720330501367497,1,-500.0,-600.0,1,100.0,2,0,2,0.14962796694986324
-600.123256,194,278.254103,0.15131577400809257,0.14617688113161809,1.9527792930603027,1.9527792930603027,0,100.0,0.38231188683819084,1,-500.0,-600.0,1,100.0,2,0,2,0.14617688113161809
-598.95335,176,278.511023,0.15406080788569965,0.14978034957341407,1.626574158668518,1.626574158668518,0,100.0,0.021965042658592115,1,-500.0,-600.0,1,100.0,2,0,2,0.14978034957341407
-599.433624,184,278.800447,0.15391950110167169,0.1494116648727489,1.7129777669906616,1.7129777669906616,0,100.0,0.058833512725109394,1,-500.0,-600.0,1,100.0,2,0,2,0.1494116648727489
-599.944123,197,279.187305,0.15183601154004653,0.14810315866699725,1.418484091758728,1.418484091758728,0,100.0,0.18968413330027467,1,-500.0,-600.0,1,100.0,3,0,3,0.14810315866699725
-600.274019,202,279.531878,0.15005133253318792,0.14922808494362486,0.31283408403396606,0.31283408403396606,0,100.0,0.07719150563751387,1,-500.0,-600.0,1,100.0,3,0,3,0.14922808494362486
-600.419896,203,281.9116,0.1505436987195557,0.14914626374458412,0.5310252904891968,0.5310252904891968,0,100.0,0.08537362554158767,1,-500.0,-600.0,1,100.0,2,0,2,0.14914626374458412
-599.274977,183,282.23322,0.15083249172681076,0.14882493388294993,0.7628719806671143,0.7628719806671143,0,100.0,0.11750661170500665,1,-500.0,-600.0,1,100.0,5,0,5,0.14882493388294993
-600.230411,197,282.644278,0.1516795061999488,0.1471632271299479,1.7161860466003418,1.7161860466003418,0,100.0,0.2836772870052101,1,-500.0,-600.0,1,100.0,2,0,2,0.1471632271299479
-599.144998,182,283.046664,0.15410409097167607,0.14884093307693924,2.2232139110565186,2.0,1,100.0,0.11590669230607531,1,-500.0,-600.0,1,100.0,3,0,3,0.14884093307693924
-600.463467,199,283.369998,0.15254187218991985,0.14976048386949894,1.0569275617599487,1.0569275617599487,0,100.0,0.02395161305010496,1,-500.0,-600.0,1,100.0,3,0,3,0.14976048386949894
-600.901983,209,283.671555,0.151554089933928,0.14999880131167417,0.5910096764564514,0.5910096764564514,0,100.0,0.00011986883258208181,1,-500.0,-600.0,1,100.0,1,0,1,0.14999880131167417
-598.487611,175,283.911214,0.15088225894970314,0.14956132088954496,0.5019564628601074,0.5019564628601074,0,100.0,0.04386791104550314,1,-500.0,-600.0,1,100.0,1,0,1,0.14956132088954496
-599.719281,190,284.177425,0.15245512339688477,0.14999751393791125,0.9338915944099426,0.9338915944099426,0,100.0,0.0002486062088746799,1,-500.0,-600.0,1,100.0,1,0,1,0.14999751393791125
-600.184476,207,284.453901,0.1505387049856546,0.1460759286133474,1.6958550214767456,1.6958550214767456,0,100.0,0.39240713866526,1,-500.0,-600.0,1,100.0,2,0,2,0.1460759286133474
-597.660719,164,284.677367,0.15355806158492838,0.14829490369019155,2.035975933074951,2.0,1,100.0,0.1705096309808446,1,-500.0,-600.0,1,100.0,2,0,2,0.14829490369019155
-600.305978,197,284.936307,0.15164766690644776,0.14901924826008706,0.9987990856170654,0.9987990856170654,0,100.0,0.09807517399129384,1,-500.0,-600.0,1,100.0,1,0,1,0.14901924826008706
-601.458062,218,286.614466,0.1549647090551689,0.14970155116043207,2.0906901359558105,2.0,1,100.0,0.02984488395679219,1,-500.0,-600.0,1,100.0,2,0,2,0.14970155116043207
-600.37175,197,286.877356,0.15092568875231627,0.14889829824717807,0.7704083919525146,0.7704083919525146,0,100.0,0.11017017528219264,1,-500.0,-600.0,1,100.0,1,0,1,0.14889829824717807
-599.913431,199,287.138148,0.15234279185969765,0.1499576815692707,0.9063419103622437,0.9063419103622437,0,100.0,0.004231843072929897,1,-500.0,-600.0,1,100.0,2,0,2,0.1499576815692707
-599.974536,189,287.386619,0.15052689658539148,0.14984881461806276,0.25767114758491516,0.25767114758491516,0,100.0,0.015118538193722997,1,-500.0,-600.0,1,100.0,1,0,1,0.14984881461806276
-598.311525,173,287.616133,0.15347403245982938,0.14821087456509255,2.250441074371338,2.0,1,100.0,0.1789125434907446,1,-500.0,-600.0,1,100.0,5,0,5,0.14821087456509255
-599.841936,191,287.881789,0.15469844956600434,0.149710070965934,1.8955838680267334,1.8955838680267334,0,100.0,0.028992903406599435,1,-500.0,-600.0,1,100.0,1,0,1,0.149710070965934
-600.408743,207,288.159241,0.15113117403311566,0.1493282193279777,0.6851227879524231,0.6851227879524231,0,100.0,0.06717806720222819,1,-500.0,-600.0,1,100.0,4,0,4,0.1493282193279777
-599.022434,179,288.444483,0.1529218805420555,0.14765872264731866,2.0932109355926514,2.0,1,100.0,0.23412773526813313,1,-500.0,-600.0,1,100.0,2,0,2,0.14765872264731866
-600.067803,199,288.730211,0.15213078933895433,0.1498590621409057,0.8632563352584839,0.8632563352584839,0,100.0,0.014093785909430334,1,-500.0,-600.0,1,100.0,0,0,0,0.1498590621409057
-600.707246,208,289.00422,0.15005614523256275,0.1495693491577708,0.1849825084209442,0.1849825084209442,0,100.0,0.04306508422292077,1,-500.0,-600.0,1,100.0,2,0,2,0.1495693491577708
-599.613204,188,290.592764,0.15174844215741679,0.14786318428588938,1.47639799118042,1.47639799118042,0,100.0,0.2136815714110618,1,-500.0,-600.0,1,100.0,3,0,3,0.14786318428588938
-599.726804,184,290.842993,0.15272536118848132,0.14928924752977707,1.3057231903076172,1.3057231903076172,0,100.0,0.07107524702229251,1,-500.0,-600.0,1,100.0,3,0,3,0.14928924752977707
-601.515987,221,291.129079,0.15092790991548238,0.14921581151150154,0.6505973935127258,0.6505973935127258,0,100.0,0.07841884884984551,1,-500.0,-600.0,1,100.0,1,0,1,0.14921581151150154
-600.294056,208,291.415729,0.1506109710656914,0.1497767901020246,0.3169887661933899,0.3169887661933899,0,100.0,0.022320989797539048,1,-500.0,-600.0,1,100.0,0,0,0,0.1497767901020246
-599.506067,182,291.680704,0.15131215051865501,0.14604899262391818,2.265740156173706,2.0,1,100.0,0.3951007376081811,1,-500.0,-600.0,1,100.0,3,0,3,0.14604899262391818
-600.634214,215,291.964907,0.15163713886588798,0.14879938902078477,1.0783449411392212,1.0783449411392212,0,100.0,0.12006109792152275,1,-500.0,-600.0,1,100.0,4,0,4,0.14879938902078477
-601.182365,216,292.26059,0.150140663639103,0.1494882392361759,0.24792127311229706,0.24792127311229706,0,100.0,0.05117607638240873,1,-500.0,-600.0,1,100.0,1,0,1,0.1494882392361759
-600.626655,206,292.570899,0.1537129364719027,0.14978198818935973,1.493760347366333,1.493760347366333,0,100.0,0.02180118106402673,1,-500.0,-600.0,1,100.0,1,0,1,0.14978198818935973
-600.058381,202,292.850527,0.15065225653580724,0.14996926071450695,0.2595384120941162,0.2595384120941162,0,100.0,0.003073928549304772,1,-500.0,-600.0,1,100.0,1,0,1,0.14996926071450695
-600.607073,206,293.149043,0.15049002904400824,0.14946666372209597,0.38887882232666016,0.38887882232666016,0,100.0,0.05333362779040285,1,-500.0,-600.0,1,100.0,4,0,4,0.14946666372209597
-599.711998,194,295.42022,0.15241761963733627,0.14981654007299075,0.988410234451294,0.988410234451294,0,100.0,0.018345992700924407,1,-500.0,-600.0,1,100.0,3,0,3,0.14981654007299075
-599.320954,184,295.8056,0.15004827091421352,0.1478312066653254,0.8424844145774841,0.8424844145774841,0,100.0,0.21687933346745958,1,-500.0,-600.0,1,100.0,2,0,2,0.1478312066653254
-600.636545,212,296.181726,0.15112199332868953,0.14901662363533497,0.8000404834747314,0.8000404834747314,0,100.0,0.09833763646650284,1,-500.0,-600.0,1,100.0,2,0,2,0.14901662363533497
-597.436113,163,296.492911,0.15196610090989407,0.14974821897939222,0.8427951335906982,0.8427951335906982,0,100.0,0.025178102060777197,1,-500.0,-600.0,1,100.0,1,0,1,0.14974821897939222
-599.514029,185,296.855791,0.15014876996157214,0.1448856120668353,2.6644279956817627,2.0,1,100.0,0.5114387933164682,1,-500.0,-600.0,1,100.0,4,0,4,0.1448856120668353
-598.509997,177,297.236347,0.1514303437787058,0.14739676225832407,1.5327609777450562,1.5327609777450562,0,100.0,0.26032377416759234,1,-500.0,-600.0,1,100.0,1,0,1,0.14739676225832407
-599.587569,189,297.622373,0.15206105663294087,0.1489337003672203,1.188395380973816,1.188395380973816,0,100.0,0.10662996327796825,1,-500.0,-600.0,1,100.0,1,0,1,0.1489337003672203
-600.373921,205,298.0401,0.15159563399949383,0.14943413022023308,0.8213714361190796,0.8213714361190796,0,100.0,0.05658697797669143,1,-500.0,-600.0,1,100.0,1,0,1,0.14943413022023308
-600.151923,191,298.311224,0.1503364401117066,0.14584843748518714,1.7054409980773926,1.7054409980773926,0,100.0,0.41515625148128565,1,-500.0,-600.0,1,100.0,2,0,2,0.14584843748518714
-601.641423,220,298.624066,0.1531293246264716,0.14849509549346798,1.7610070705413818,1.7610070705413818,0,100.0,0.1504904506532012,1,-500.0,-600.0,1,100.0,0,0,0,0.14849509549346798
-600.154973,201,298.906147,0.1516227251229514,0.14938611509935248,0.8499118089675903,0.8499118089675903,0,100.0,0.061388490064751,1,-500.0,-600.0,1,100.0,2,0,2,0.14938611509935248
-598.692243,176,300.543531,0.15122362142889537,0.14979182923869497,0.5440810322761536,0.5440810322761536,0,100.0,0.020817076130502654,1,-500.0,-600.0,1,100.0,3,0,3,0.14979182923869497
-600.582422,210,300.835913,0.1512424849772241,0.14917882818282663,0.7841895818710327,0.7841895818710327,0,100.0,0.08211718171733662,1,-500.0,-600.0,1,100.0,1,0,1,0.14917882818282663
-598.987791,184,301.10194,0.15027978803021333,0.1477423820687751,0.9642142653465271,0.9642142653465271,0,100.0,0.22576179312248923,1,-500.0,-600.0,1,100.0,3,0,3,0.1477423820687751
-598.387892,174,301.332999,0.15015069618174126,0.14488753828700443,2.328383684158325,2.0,1,100.0,0.5112461712995564,1,-500.0,-600.0,1,100.0,3,0,3,0.14488753828700443
-600.742323,206,301.612086,0.15026967705011757,0.14990799928113424,0.13743755221366882,0.13743755221366882,0,100.0,0.009200071886575345,1,-500.0,-600.0,1,100.0,1,0,1,0.14990799928113424
-601.545665,251,301.948975,0.15002701061179768,0.14892344724034012,0.41935408115386963,0.41935408115386963,0,100.0,0.10765527596598712,1,-500.0,-600.0,1,100.0,5,0,5,0.14892344724034012
-600.814879,206,302.226283,0.1515273505857608,0.14975581003808874,0.673185408115387,0.673185408115387,0,100.0,0.024418996191125086,1,-500.0,-600.0,1,100.0,3,0,3,0.14975581003808874
-599.881441,194,302.475296,0.15111852990845712,0.1495436462592334,0.5984557867050171,0.5984557867050171,0,100.0,0.04563537407666074,1,-500.0,-600.0,1,100.0,1,0,1,0.1495436462592334
-600.547843,213,302.761504,0.1521984520595475,0.14747041243096648,1.7966550588607788,1.7966550588607788,0,100.0,0.25295875690335146,1,-500.0,-600.0,1,100.0,3,0,3,0.14747041243096648
-599.853322,201,303.036193,0.15470326771057763,0.1494401098158408,2.074326992034912,2.0,1,100.0,0.05598901841591952,1,-500.0,-600.0,1,100.0,2,0,2,0.1494401098158408
-600.179603,205,304.778523,0.15143416871728438,0.1479841436481982,1.3110095262527466,1.3110095262527466,0,100.0,0.20158563518017925,1,-500.0,-600.0,1,100.0,1,0,1,0.1479841436481982
-600.184192,199,305.092279,0.15055860270701948,0.14791237450650854,1.0055667161941528,1.0055667161941528,0,100.0,0.20876254934914518,1,-500.0,-600.0,1,100.0,2,0,2,0.14791237450650854
-600.353223,197,305.371809,0.15072332241386152,0.14914886227132435,0.5982948541641235,0.5982948541641235,0,100.0,0.08511377286756494,1,-500.0,-600.0,1,100.0,0,0,0,0.14914886227132435
-601.38832,219,305.680555,0.15099418065902842,0.14778956516645864,1.2177538871765137,1.2177538871765137,0,100.0,0.22104348335413582,1,-500.0,-600.0,1,100.0,4,0,4,0.14778956516645864
-600.567176,205,305.982824,0.15077858386615225,0.14693219481090017,1.4616278409957886,1.4616278409957886,0,100.0,0.3067805189099826,1,-500.0,-600.0,1,100.0,1,0,1,0.14693219481090017
-601.760697,247,306.349981,0.1518108003722794,0.14977142964725002,0.7749608755111694,0.7749608755111694,0,100.0,0.02285703527499794,1,-500.0,-600.0,1,100.0,1,0,1,0.14977142964725002
-601.098781,215,306.627002,0.1550368568879603,0.14977369899322346,2.0118746757507324,2.0,1,100.0,0.022630100677653586,1,-500.0,-600.0,1,100.0,4,0,4,0.14977369899322346
-601.078943,213,306.915839,0.15142604408168078,0.1480537864474677,1.2814579010009766,1.2814579010009766,0,100.0,0.19462135525323,1,-500.0,-600.0,1,100.0,1,0,1,0.1480537864474677
-602.351952,265,307.26778,0.15151145418743142,0.1482814850749348,1.2273882627487183,1.2273882627487183,0,100.0,0.17185149250651954,1,-500.0,-600.0,1,100.0,2,0,2,0.1482814850749348
-600.563468,216,309.410364,0.15113528058070103,0.14711893891954894,1.526209831237793,1.526209831237793,0,100.0,0.2881061080451053,1,-500.0,-600.0,1,100.0,1,0,1,0.14711893891954894
-601.214028,252,309.887456,0.1505425988803986,0.14614241083590074,1.6720714569091797,1.6720714569091797,0,100.0,0.38575891640992566,1,-500.0,-600.0,1,100.0,2,0,2,0.14614241083590074
-600.815619,216,310.309618,0.15065720776448926,0.1484206943631566,0.8498750925064087,0.8498750925064087,0,100.0,0.15793056368433867,1,-500.0,-600.0,1,100.0,1,0,1,0.1484206943631566
-602.421232,232,310.759846,0.153840265569228,0.14913419464416794,1.7883069515228271,1.7883069515228271,0,100.0,0.08658053558320555,1,-500.0,-600.0,1,100.0,0,0,0,0.14913419464416794
-605.771672,305,311.299345,0.15110805075850955,0.14889229938034979,0.8419855237007141,0.8419855237007141,0,100.0,0.11077006196502093,1,-500.0,-600.0,1,100.0,2,0,2,0.14889229938034979
-601.298027,219,311.754078,0.15020956712172054,0.14624340943438277,1.5071399211883545,1.5071399211883545,0,100.0,0.3756590565617224,1,-500.0,-600.0,1,100.0,1,0,1,0.14624340943438277
-604.589481,290,312.347978,0.15120029061880727,0.1479832855165493,1.2224619388580322,1.2224619388580322,0,100.0,0.2016714483450699,1,-500.0,-600.0,1,100.0,0,0,0,0.1479832855165493
-604.82674,296,312.811649,0.15317378637126014,0.1479106284765233,2.5349068641662598,2.0,1,100.0,0.20893715234766852,1,-500.0,-600.0,1,100.0,4,0,4,0.1479106284765233
-603.988136,280,314.587166,0.15111412354298928,0.14748884983846047,1.3776040077209473,1.3776040077209473,0,100.0,0.25111501615395215,1,-500.0,-600.0,1,100.0,1,0,1,0.14748884983846047
-610.933304,381,315.120843,0.15232904175605255,0.14893875403050355,1.2883093357086182,1.2883093357086182,0,100.0,0.10612459694964438,1,-500.0,-600.0,1,100.0,4,0,4,0.14893875403050355
-607.727472,330,315.572634,0.15057959794865783,0.14614397619767563,1.68553626537323,1.68553626537323,0,100.0,0.385602380232436,1,-500.0,-600.0,1,100.0,0,0,0,0.14614397619767563
-607.526938,323,316.035341,0.1535736380168973,0.14844491337911284,1.9489153623580933,1.9489153623580933,0,100.0,0.15550866208871583,1,-500.0,-600.0,1,100.0,5,0,5,0.14844491337911284
-602.97666,275,316.414638,0.151597846830607,0.14944264812478322,0.8189755082130432,0.8189755082130432,0,100.0,0.055735187521677165,1,-500.0,-600.0,1,100.0,3,0,3,0.14944264812478322
-608.296052,358,316.931638,0.15095545250358094,0.14947310067344982,0.5632936954498291,0.5632936954498291,0,100.0,0.05268993265501731,1,-500.0,-600.0,1,100.0,4,0,4,0.14947310067344982
-604.401322,283,317.309178,0.1523383203932133,0.14873150687458875,1.3705891370773315,1.3705891370773315,0,100.0,0.12684931254112464,1,-500.0,-600.0,1,100.0,3,0,3,0.14873150687458875
-606.147004,312,319.126785,0.15120124047891675,0.14986389075038264,0.5081928968429565,0.5081928968429565,0,100.0,0.013610924961734994,1,-500.0,-600.0,1,100.0,2,0,2,0.14986389075038264
-608.080478,361,319.623169,0.15060966733546524,0.1476731165174737,1.115889310836792,1.115889310836792,0,100.0,0.23268834825262985,1,-500.0,-600.0,1,100.0,4,0,4,0.1476731165174737
-609.676408,373,320.119317,0.150086332732027,0.14879020102704404,0.49253004789352417,0.49253004789352417,0,100.0,0.120979897295595,1,-500.0,-600.0,1,100.0,1,0,1,0.14879020102704404
-620.557764,573,320.867486,0.15024837567691532,0.14798709732995013,0.8592857718467712,0.8592857718467712,0,100.0,0.20129026700498598,1,-500.0,-600.0,1,100.0,8,0,8,0.14798709732995013
-612.129469,405,321.446381,0.15378911899089004,0.1485259610961532,3.2506484985351562,2.0,1,100.0,0.1474038903846786,1,-500.0,-600.0,1,100.0,4,0,4,0.1485259610961532
-649.579528,1273,325.263478,0.15035546286640702,0.14936292867442214,0.37716299295425415,0.37716299295425415,0,100.0,0.06370713255778593,1,-500.0,-600.0,1,100.0,13,0,13,0.14936292867442214
-612.662183,411,325.98767,0.15354978397557856,0.14843530955352527,1.943500280380249,1.943500280380249,0,100.0,0.15646904464747258,1,-500.0,-600.0,1,100.0,1,0,1,0.14843530955352527
-206.03094,16382,371.048425,0.8491033996763838,0.8579061481776846,-3.706420421600342,-3.706420421600342,0,0.0,0.0,0,-500.0,-500.0,0,0.0,1,0,1,0.17750187974682935
-274.974627,14567,403.754478,0.8488208662031232,0.8503639826608835,-0.6497332453727722,-0.6497332453727722,0,0.0,0.0,0,-500.0,-500.0,0,0.0,0,0,0,0.3327082318673637
871.818455,26279,462.936752,0.4780199619496507,0.4784056789541883,-0.16240715980529785,-0.16240715980529785,0,0.0,0.0,0,-0.035075801556202525,-0.035075801556202525,0,0.0,0,0,0,0.3873901100564719
990.83063,26279,531.240581,0.34530673227359826,0.343853872351139,0.5520867705345154,0.5520867705345154,0,0.0,0.0,0,-0.011041195727127088,-0.011041195727127088,0,0.0,0,0,0,0.18548867089319637
231.728952,21624,583.461871,0.15188017830009246,0.14948971912021422,0.9083744883537292,0.9083744883537292,0,100.0,0.051028087978577386,1,-500.0,-600.0,1,100.0,26,0,26,0.14948971912021422
-597.225847,170,583.718584,0.15300411700822517,0.14840403412137873,1.748031497001648,1.748031497001648,0,100.0,0.15959658786212638,1,-500.0,-600.0,1,100.0,1,0,1,0.14840403412137873
-597.929089,179,583.994293,0.15008192431318942,0.14975291188943568,0.1250247210264206,0.1250247210264206,0,100.0,0.024708811056431412,1,-500.0,-600.0,1,100.0,4,0,4,0.14975291188943568
-597.199673,168,584.248657,0.15043362025406756,0.1481591459093121,0.8643002510070801,0.8643002510070801,0,100.0,0.18408540906879045,1,-500.0,-600.0,1,100.0,2,0,2,0.1481591459093121
-599.315026,197,584.544903,0.15060842225435916,0.14942755573684047,0.4487292766571045,0.4487292766571045,0,100.0,0.05724442631595272,1,-500.0,-600.0,1,100.0,2,0,2,0.14942755573684047
-597.483086,172,584.78982,0.15024717607290336,0.1494370633863697,0.30784282088279724,0.30784282088279724,0,100.0,0.056293661363029934,1,-500.0,-600.0,1,100.0,2,0,2,0.1494370633863697
-599.239315,193,585.071116,0.15013373593172355,0.14826478806187057,0.7102001905441284,0.7102001905441284,0,100.0,0.17352119381294218,1,-500.0,-600.0,1,100.0,3,0,3,0.14826478806187057
-598.649441,181,585.341111,0.1531193599845033,0.14978670838190883,1.2664076089859009,1.2664076089859009,0,100.0,0.021329161809116592,1,-500.0,-600.0,1,100.0,1,0,1,0.14978670838190883
-598.421932,181,585.696065,0.15153008322800085,0.14645888366030643,1.927055835723877,1.927055835723877,0,100.0,0.3541116339693562,1,-500.0,-600.0,1,100.0,2,0,2,0.14645888366030643
-599.541851,198,586.122123,0.15340191862869407,0.14968069713150972,1.4140641689300537,1.4140641689300537,0,100.0,0.03193028684902732,1,-500.0,-600.0,1,100.0,0,0,0,0.14968069713150972
-604.631115,307,588.706774,0.15238006271113103,0.14880734179448338,1.3576339483261108,1.3576339483261108,0,100.0,0.11926582055166168,1,-500.0,-600.0,1,100.0,2,0,2,0.14880734179448338
-599.852516,212,589.100574,0.1549874101858586,0.14972425229112177,2.5579285621643066,2.0,1,100.0,0.027574770887822675,1,-500.0,-600.0,1,100.0,2,0,2,0.14972425229112177
-599.545345,198,589.522525,0.15482311234733498,0.14997042340738714,1.8440217971801758,1.8440217971801758,0,100.0,0.002957659261285106,1,-500.0,-600.0,1,100.0,0,0,0,0.14997042340738714
-599.549188,205,589.984772,0.15056053691724988,0.14950789002932008,0.4000058174133301,0.4000058174133301,0,100.0,0.04921099706799159,1,-500.0,-600.0,1,100.0,1,0,1,0.14950789002932008
-601.060333,225,590.324758,0.15037530923948475,0.14985739557954825,0.19680719077587128,0.19680719077587128,0,100.0,0.014260442045174737,1,-500.0,-600.0,1,100.0,1,0,1,0.14985739557954825
-600.249419,221,590.677783,0.15349115605157276,0.14869941160607314,1.820862889289856,1.820862889289856,0,100.0,0.13005883939268548,1,-500.0,-600.0,1,100.0,1,0,1,0.14869941160607314
-600.524719,224,590.986811,0.15068467955614795,0.14900667077391175,0.6376433372497559,0.6376433372497559,0,100.0,0.09933292260882465,1,-500.0,-600.0,1,100.0,1,0,1,0.14900667077391175
-597.700969,174,591.236448,0.15215467110138958,0.14789816977809117,1.6174705028533936,1.6174705028533936,0,100.0,0.21018302219088236,1,-500.0,-600.0,1,100.0,1,0,1,0.14789816977809117
-599.046978,192,591.508509,0.15195120341066098,0.14871245829849283,1.2307231426239014,1.2307231426239014,0,100.0,0.1287541701507161,1,-500.0,-600.0,1,100.0,2,0,2,0.14871245829849283
-599.515678,196,591.83029,0.1502925924860723,0.14667433707161145,1.3749370574951172,1.3749370574951172,0,100.0,0.33256629283885397,1,-500.0,-600.0,1,100.0,2,0,2,0.14667433707161145
-617.859763,504,594.032919,0.15115053512577553,0.14942961586178524,0.6539493203163147,0.6539493203163147,0,100.0,0.05703841382147523,1,-500.0,-600.0,1,100.0,10,0,10,0.14942961586178524
-604.1434,296,594.468698,0.15261515766568493,0.14887709377813899,1.420464277267456,1.420464277267456,0,100.0,0.11229062218610086,1,-500.0,-600.0,1,100.0,3,0,3,0.14887709377813899
-599.254814,197,594.771548,0.15009802926459198,0.14709350907420246,1.1417176723480225,1.1417176723480225,0,100.0,0.29064909257975335,1,-500.0,-600.0,1,100.0,0,0,0,0.14709350907420246
-616.778161,490,595.462296,0.1506972215386897,0.14621932409542027,1.7016010284423828,1.7016010284423828,0,100.0,0.3780675904579728,1,-500.0,-600.0,1,100.0,7,0,7,0.14621932409542027
-610.489475,387,596.046221,0.15004728267062437,0.14635575746230173,1.4027795791625977,1.4027795791625977,0,100.0,0.3644242537698267,1,-500.0,-600.0,1,100.0,1,0,1,0.14635575746230173
-624.573866,675,598.484827,0.15460188421773652,0.1497942039998932,1.8269184827804565,1.8269184827804565,0,100.0,0.02057960001067838,1,-500.0,-600.0,1,100.0,5,0,5,0.1497942039998932
-618.652694,513,599.257227,0.15044615226226662,0.1489362899083394,0.5737476944923401,0.5737476944923401,0,100.0,0.10637100916605913,1,-500.0,-600.0,1,100.0,6,0,6,0.1489362899083394
-626.321794,699,600.508446,0.15039348003849684,0.1458949327228993,1.709447979927063,1.709447979927063,0,100.0,0.41050672771006935,1,-500.0,-600.0,1,100.0,6,0,6,0.1458949327228993
382.822134,23355,665.683122,0.15029809278897388,0.14667291413816805,1.3775678873062134,1.3775678873062134,0,100.0,0.33270858618319465,1,-500.0,-600.0,1,100.0,33,0,33,0.14667291413816805
192.277586,20378,711.321886,0.15218710845831782,0.14959571653100023,0.9847289323806763,0.9847289323806763,0,100.0,0.0404283468999761,1,-500.0,-600.0,1,100.0,19,0,19,0.14959571653100023
-548.456955,8474,735.491247,0.15116420348220183,0.1462431555437044,1.8699982166290283,1.8699982166290283,0,100.0,0.3756844456295594,1,-500.0,-600.0,1,100.0,21,0,21,0.1462431555437044
-577.823212,6531,750.192345,0.15162640806408698,0.14636325016935015,2.0175118446350098,2.0,1,100.0,0.3636749830649849,1,-500.0,-600.0,1,100.0,11,0,11,0.14636325016935015
-361.513704,11640,776.549559,0.15323820186621925,0.14991693694673747,1.2620806694030762,1.2620806694030762,0,100.0,0.00830630532625276,1,-500.0,-600.0,1,100.0,10,0,10,0.14991693694673747
392.096243,22295,828.182582,0.15060832985398684,0.14962232064520725,0.3746834993362427,0.3746834993362427,0,100.0,0.03776793547927426,1,-500.0,-600.0,1,100.0,39,0,39,0.14962232064520725
-631.845432,3292,834.369252,0.1526854969355358,0.14984065382399564,1.081040382385254,1.081040382385254,0,100.0,0.015934617600435463,1,-500.0,-600.0,1,100.0,4,0,4,0.14984065382399564
-632.347125,3379,843.235654,0.15078787385021616,0.1491649623467757,0.616706371307373,0.616706371307373,0,100.0,0.08350376532242909,1,-500.0,-600.0,1,100.0,7,0,7,0.1491649623467757
-633.379339,3366,853.939892,0.15018529996270988,0.1479303773531297,0.8568705916404724,0.8568705916404724,0,100.0,0.20696226468703005,1,-500.0,-600.0,1,100.0,6,0,6,0.1479303773531297
-634.107101,3290,861.255208,0.15065743672889498,0.14746013974557765,1.2149728536605835,1.2149728536605835,0,100.0,0.2539860254422349,1,-500.0,-600.0,1,100.0,4,0,4,0.14746013974557765
-633.099528,3354,870.273009,0.15079501420169997,0.14904297205873154,0.6657760143280029,0.6657760143280029,0,100.0,0.09570279412684513,1,-500.0,-600.0,1,100.0,8,0,8,0.14904297205873154
-637.479788,2764,875.543362,0.15292926120905168,0.1493779876121375,1.3494839668273926,1.3494839668273926,0,100.0,0.062201238786249724,1,-500.0,-600.0,1,100.0,8,0,8,0.1493779876121375
-634.679231,3202,884.567346,0.15431108229120843,0.14955619767174658,1.8068561553955078,1.8068561553955078,0,100.0,0.04438023282534176,1,-500.0,-600.0,1,100.0,0,0,0,0.14955619767174658
-634.765276,3295,890.539349,0.15027146189686832,0.14505520972048314,1.9821758270263672,1.9821758270263672,0,100.0,0.49447902795168586,1,-500.0,-600.0,1,100.0,3,0,3,0.14505520972048314
-596.434853,4734,902.90599,0.1525989987490146,0.14944412207767527,1.1988531351089478,1.1988531351089478,0,100.0,0.05558779223247268,1,-500.0,-600.0,1,100.0,25,0,25,0.14944412207767527
-633.555381,3382,911.358794,0.15090226301385545,0.14751590543035775,1.286815881729126,1.286815881729126,0,100.0,0.24840945696422423,1,-500.0,-600.0,1,100.0,3,0,3,0.14751590543035775
-634.093526,3377,919.356993,0.15007507515446222,0.14903856269488294,0.39387473464012146,0.39387473464012146,0,100.0,0.09614373051170522,1,-500.0,-600.0,1,100.0,1,0,1,0.14903856269488294
-346.09382,11629,948.66363,0.1502214436470025,0.1469030849245165,1.2609763145446777,1.2609763145446777,0,100.0,0.3096915075483486,1,-500.0,-600.0,1,100.0,19,0,19,0.1469030849245165
-632.808195,3373,956.78353,0.15509821767752185,0.14983505978278502,2.618649959564209,2.0,1,100.0,0.016494021721497054,1,-500.0,-600.0,1,100.0,4,0,4,0.14983505978278502
-633.065084,3382,965.16218,0.1501494827258499,0.14569234840373366,1.6937110424041748,1.6937110424041748,0,100.0,0.43076515962663375,1,-500.0,-600.0,1,100.0,5,0,5,0.14569234840373366
-633.435639,3291,978.095823,0.15100919797558307,0.14574604008084624,2.038247585296631,2.0,1,100.0,0.42539599191537547,1,-500.0,-600.0,1,100.0,8,0,8,0.14574604008084624
-639.52593,2806,986.936779,0.1512882071006377,0.14822526588823456,1.1639176607131958,1.1639176607131958,0,100.0,0.17747341117654303,1,-500.0,-600.0,1,100.0,7,0,7,0.14822526588823456
-636.86678,2730,992.340516,0.15047381597982723,0.1497856728268876,0.26149439811706543,0.26149439811706543,0,100.0,0.021432717311239968,1,-500.0,-600.0,1,100.0,11,0,11,0.1497856728268876
-639.696059,2530,998.111262,0.15092717840473494,0.1484577302084744,0.93839031457901,0.93839031457901,0,100.0,0.15422697915256078,1,-500.0,-600.0,1,100.0,11,0,11,0.1484577302084744
-638.508506,2765,1005.334464,0.15306998817096976,0.1487115936485538,1.6561899185180664,1.6561899185180664,0,100.0,0.12884063514461974,1,-500.0,-600.0,1,100.0,3,0,3,0.1487115936485538
-637.200242,2733,1011.029472,0.15435296912219396,0.14908981122745713,2.8553829193115234,2.0,1,100.0,0.09101887725428692,1,-500.0,-600.0,1,100.0,6,0,6,0.14908981122745713
-632.930956,3292,1019.502748,0.15001507479051654,0.14817969155097122,0.6974456310272217,0.6974456310272217,0,100.0,0.1820308449028779,1,-500.0,-600.0,1,100.0,11,0,11,0.14817969155097122
-639.881254,2786,1025.482271,0.15254457813943692,0.14897324224650865,1.3571076393127441,1.3571076393127441,0,100.0,0.10267577534913419,1,-500.0,-600.0,1,100.0,8,0,8,0.14897324224650865
-637.380186,2716,1031.783345,0.15121450494713526,0.149303944878804,0.7260128259658813,0.7260128259658813,0,100.0,0.06960551211959987,1,-500.0,-600.0,1,100.0,7,0,7,0.149303944878804
-639.706943,2622,1038.453723,0.1506576146168251,0.14705863283481535,1.3676130771636963,1.3676130771636963,0,100.0,0.2941367165184644,1,-500.0,-600.0,1,100.0,4,0,4,0.14705863283481535
-639.704565,2771,1045.075643,0.15028329521466668,0.14792880618307577,0.8947058320045471,0.8947058320045471,0,100.0,0.20711938169242217,1,-500.0,-600.0,1,100.0,13,0,13,0.14792880618307577
-639.52151,2626,1050.305247,0.1506605862171856,0.14982483522011908,0.31758537888526917,0.31758537888526917,0,100.0,0.017516477988091528,1,-500.0,-600.0,1,100.0,12,0,12,0.14982483522011908
-639.591139,2617,1057.902052,0.15201909976061767,0.14847593866956607,1.3464012145996094,1.3464012145996094,0,100.0,0.15240613304339234,1,-500.0,-600.0,1,100.0,5,0,5,0.14847593866956607
-624.57625,676,1059.126909,0.15106898258280882,0.145805824688072,2.189958095550537,2.0,1,100.0,0.41941753119280056,1,-500.0,-600.0,1,100.0,3,0,3,0.145805824688072
-638.257024,2714,1064.430105,0.1527770191778702,0.14939487909355334,1.2852132320404053,1.2852132320404053,0,100.0,0.06051209064466545,1,-500.0,-600.0,1,100.0,12,0,12,0.14939487909355334
-640.500012,2619,1069.821562,0.1510298598241799,0.14872083580393472,0.8774291276931763,0.8774291276931763,0,100.0,0.12791641960652744,1,-500.0,-600.0,1,100.0,15,0,15,0.14872083580393472
-642.964516,2793,1077.873686,0.15201604167333332,0.14996530716592318,0.7792791128158569,0.7792791128158569,0,100.0,0.0034692834076810453,1,-500.0,-600.0,1,100.0,13,0,13,0.14996530716592318
-644.214931,2791,1083.226444,0.15081745818599188,0.1491162690005482,0.6464518904685974,0.6464518904685974,0,100.0,0.08837309994517983,1,-500.0,-600.0,1,100.0,5,0,5,0.1491162690005482
-637.164114,3361,1092.170879,0.15302816140504605,0.14950834996302223,1.3375283479690552,1.3375283479690552,0,100.0,0.04916500369777643,1,-500.0,-600.0,1,100.0,12,0,12,0.14950834996302223
-638.86557,3393,1106.807988,0.1506914773439293,0.14950887021392884,0.449390709400177,0.449390709400177,0,100.0,0.04911297860711594,1,-500.0,-600.0,1,100.0,9,0,9,0.14950887021392884
-636.95735,3365,1115.403613,0.15411904029381554,0.1488558823990787,2.4494941234588623,2.0,1,100.0,0.1144117600921285,1,-500.0,-600.0,1,100.0,5,0,5,0.1488558823990787
535.558091,26221,1178.482963,0.15188879811289605,0.14843806876787555,1.311277151107788,1.311277151107788,0,100.0,0.15619312321244472,1,-500.0,-600.0,1,100.0,13,0,13,0.14843806876787555
-568.251401,7505,1196.048106,0.1529280395721258,0.14910957403811637,1.451016902923584,1.451016902923584,0,100.0,0.08904259618836285,1,-500.0,-600.0,1,100.0,8,0,8,0.14910957403811637
-600.439237,5507,1208.881338,0.15019823199988708,0.14974185429285744,0.17342352867126465,0.17342352867126465,0,100.0,0.025814570714255414,1,-500.0,-600.0,1,100.0,11,0,11,0.14974185429285744
-639.304375,3372,1217.39079,0.1509847488198064,0.14773038760441573,1.2366572618484497,1.2366572618484497,0,100.0,0.2269612395584264,1,-500.0,-600.0,1,100.0,4,0,4,0.14773038760441573
